"dataset","rep","variant","weight_sum","n_kept","error"
"A2","01","base",1,50,""
"A2","01","ab_nnls",1.40845897047735,50,""
"A2","01","ab_no_offset",1,50,""
"A2","01","ab_smooth_spline",1,50,""
"A2","01","ab_smooth_ewma",1,50,""
"A2","01","ab_kalman_gauss",1,50,""
"A2","01","ab_no_filter",1,50,""
"A2","01","ab_rclr_nofill",1,50,""
"A2","01","ab_no_normalize",1,50,""
"A2","01","ab_nb_hier",1,50,""
"A2","01","ab_nb_nohier",1,50,""
"A2","02","base",1,50,""
"A2","02","ab_nnls",1.25828375355232,50,""
"A2","02","ab_no_offset",1,50,""
"A2","02","ab_smooth_spline",1,50,""
"A2","02","ab_smooth_ewma",1,50,""
"A2","02","ab_kalman_gauss",1,50,""
"A2","02","ab_no_filter",1,50,""
"A2","02","ab_rclr_nofill",1,50,""
"A2","02","ab_no_normalize",1,50,""
"A2","02","ab_nb_hier",1,50,""
"A2","02","ab_nb_nohier",1,50,""
"A2","03","base",1,50,""
"A2","03","ab_nnls",1.32653870189148,50,""
"A2","03","ab_no_offset",1,50,""
"A2","03","ab_smooth_spline",1,50,""
"A2","03","ab_smooth_ewma",1,50,""
"A2","03","ab_kalman_gauss",1,50,""
"A2","03","ab_no_filter",1,50,""
"A2","03","ab_rclr_nofill",1,50,""
"A2","03","ab_no_normalize",1,50,""
"A2","03","ab_nb_hier",1,50,""
"A2","03","ab_nb_nohier",1,50,""
"A2","04","base",1,50,""
"A2","04","ab_nnls",1.30058349254466,50,""
"A2","04","ab_no_offset",1,50,""
"A2","04","ab_smooth_spline",1,50,""
"A2","04","ab_smooth_ewma",1,50,""
"A2","04","ab_kalman_gauss",1,50,""
"A2","04","ab_no_filter",1,50,""
"A2","04","ab_rclr_nofill",1,50,""
"A2","04","ab_no_normalize",1,50,""
"A2","04","ab_nb_hier",1,50,""
"A2","04","ab_nb_nohier",1,50,""
"A2","05","base",1,50,""
"A2","05","ab_nnls",1.23249975095802,50,""
"A2","05","ab_no_offset",1,50,""
"A2","05","ab_smooth_spline",1,50,""
"A2","05","ab_smooth_ewma",1,50,""
"A2","05","ab_kalman_gauss",1,50,""
"A2","05","ab_no_filter",1,50,""
"A2","05","ab_rclr_nofill",1,50,""
"A2","05","ab_no_normalize",1,50,""
"A2","05","ab_nb_hier",1,50,""
"A2","05","ab_nb_nohier",1,50,""
"A2","06","base",1,50,""
"A2","06","ab_nnls",1.3566202533785,50,""
"A2","06","ab_no_offset",1,50,""
"A2","06","ab_smooth_spline",1,50,""
"A2","06","ab_smooth_ewma",1,50,""
"A2","06","ab_kalman_gauss",1,50,""
"A2","06","ab_no_filter",1,50,""
"A2","06","ab_rclr_nofill",1,50,""
"A2","06","ab_no_normalize",1,50,""
"A2","06","ab_nb_hier",1,50,""
"A2","06","ab_nb_nohier",1,50,""
"A2","07","base",1,50,""
"A2","07","ab_nnls",1.2643805465777,50,""
"A2","07","ab_no_offset",1,50,""
"A2","07","ab_smooth_spline",1,50,""
"A2","07","ab_smooth_ewma",1,50,""
"A2","07","ab_kalman_gauss",1,50,""
"A2","07","ab_no_filter",1,50,""
"A2","07","ab_rclr_nofill",1,50,""
"A2","07","ab_no_normalize",1,50,""
"A2","07","ab_nb_hier",1,50,""
"A2","07","ab_nb_nohier",1,50,""
"A2","08","base",1,50,""
"A2","08","ab_nnls",1.42506018411551,50,""
"A2","08","ab_no_offset",1,50,""
"A2","08","ab_smooth_spline",1,50,""
"A2","08","ab_smooth_ewma",1,50,""
"A2","08","ab_kalman_gauss",1,50,""
"A2","08","ab_no_filter",1,50,""
"A2","08","ab_rclr_nofill",1,50,""
"A2","08","ab_no_normalize",1,50,""
"A2","08","ab_nb_hier",1,50,""
"A2","08","ab_nb_nohier",1,50,""
"A2","09","base",1,50,""
"A2","09","ab_nnls",1.22585621699818,50,""
"A2","09","ab_no_offset",1,50,""
"A2","09","ab_smooth_spline",1,50,""
"A2","09","ab_smooth_ewma",1,50,""
"A2","09","ab_kalman_gauss",1,50,""
"A2","09","ab_no_filter",1,50,""
"A2","09","ab_rclr_nofill",1,50,""
"A2","09","ab_no_normalize",1,50,""
"A2","09","ab_nb_hier",1,50,""
"A2","09","ab_nb_nohier",1,50,""
"A2","10","base",1,50,""
"A2","10","ab_nnls",1.32353782087371,50,""
"A2","10","ab_no_offset",1,50,""
"A2","10","ab_smooth_spline",1,50,""
"A2","10","ab_smooth_ewma",1,50,""
"A2","10","ab_kalman_gauss",1,50,""
"A2","10","ab_no_filter",1,50,""
"A2","10","ab_rclr_nofill",1,50,""
"A2","10","ab_no_normalize",1,50,""
"A2","10","ab_nb_hier",1,50,""
"A2","10","ab_nb_nohier",1,50,""
"A2","11","base",1,50,""
"A2","11","ab_nnls",1.3253362510527,50,""
"A2","11","ab_no_offset",1,50,""
"A2","11","ab_smooth_spline",1,50,""
"A2","11","ab_smooth_ewma",1,50,""
"A2","11","ab_kalman_gauss",1,50,""
"A2","11","ab_no_filter",1,50,""
"A2","11","ab_rclr_nofill",1,50,""
"A2","11","ab_no_normalize",1,50,""
"A2","11","ab_nb_hier",1,50,""
"A2","11","ab_nb_nohier",1,50,""
"A2","12","base",1,50,""
"A2","12","ab_nnls",1.29255692731996,50,""
"A2","12","ab_no_offset",1,50,""
"A2","12","ab_smooth_spline",1,50,""
"A2","12","ab_smooth_ewma",1,50,""
"A2","12","ab_kalman_gauss",1,50,""
"A2","12","ab_no_filter",1,50,""
"A2","12","ab_rclr_nofill",1,50,""
"A2","12","ab_no_normalize",1,50,""
"A2","12","ab_nb_hier",1,50,""
"A2","12","ab_nb_nohier",1,50,""
"A2","13","base",1,50,""
"A2","13","ab_nnls",1.2459821437457,50,""
"A2","13","ab_no_offset",1,50,""
"A2","13","ab_smooth_spline",1,50,""
"A2","13","ab_smooth_ewma",1,50,""
"A2","13","ab_kalman_gauss",1,50,""
"A2","13","ab_no_filter",1,50,""
"A2","13","ab_rclr_nofill",1,50,""
"A2","13","ab_no_normalize",1,50,""
"A2","13","ab_nb_hier",1,50,""
"A2","13","ab_nb_nohier",1,50,""
"A2","14","base",1,50,""
"A2","14","ab_nnls",1.31635922595023,50,""
"A2","14","ab_no_offset",1,50,""
"A2","14","ab_smooth_spline",1,50,""
"A2","14","ab_smooth_ewma",1,50,""
"A2","14","ab_kalman_gauss",1,50,""
"A2","14","ab_no_filter",1,50,""
"A2","14","ab_rclr_nofill",1,50,""
"A2","14","ab_no_normalize",1,50,""
"A2","14","ab_nb_hier",1,50,""
"A2","14","ab_nb_nohier",1,50,""
"A2","15","base",1,50,""
"A2","15","ab_nnls",1.24180315511827,50,""
"A2","15","ab_no_offset",1,50,""
"A2","15","ab_smooth_spline",1,50,""
"A2","15","ab_smooth_ewma",1,50,""
"A2","15","ab_kalman_gauss",1,50,""
"A2","15","ab_no_filter",1,50,""
"A2","15","ab_rclr_nofill",1,50,""
"A2","15","ab_no_normalize",1,50,""
"A2","15","ab_nb_hier",1,50,""
"A2","15","ab_nb_nohier",1,50,""
"A2","16","base",1,50,""
"A2","16","ab_nnls",1.23984243503481,50,""
"A2","16","ab_no_offset",1,50,""
"A2","16","ab_smooth_spline",1,50,""
"A2","16","ab_smooth_ewma",1,50,""
"A2","16","ab_kalman_gauss",1,50,""
"A2","16","ab_no_filter",1,50,""
"A2","16","ab_rclr_nofill",1,50,""
"A2","16","ab_no_normalize",1,50,""
"A2","16","ab_nb_hier",1,50,""
"A2","16","ab_nb_nohier",1,50,""
"A2","17","base",1,50,""
"A2","17","ab_nnls",1.26900744785587,50,""
"A2","17","ab_no_offset",1,50,""
"A2","17","ab_smooth_spline",1,50,""
"A2","17","ab_smooth_ewma",1,50,""
"A2","17","ab_kalman_gauss",1,50,""
"A2","17","ab_no_filter",1,50,""
"A2","17","ab_rclr_nofill",1,50,""
"A2","17","ab_no_normalize",1,50,""
"A2","17","ab_nb_hier",1,50,""
"A2","17","ab_nb_nohier",1,50,""
"A2","18","base",1,50,""
"A2","18","ab_nnls",1.38661013450519,50,""
"A2","18","ab_no_offset",1,50,""
"A2","18","ab_smooth_spline",1,50,""
"A2","18","ab_smooth_ewma",1,50,""
"A2","18","ab_kalman_gauss",1,50,""
"A2","18","ab_no_filter",1,50,""
"A2","18","ab_rclr_nofill",1,50,""
"A2","18","ab_no_normalize",1,50,""
"A2","18","ab_nb_hier",1,50,""
"A2","18","ab_nb_nohier",1,50,""
"A2","19","base",1,50,""
"A2","19","ab_nnls",1.18568599303943,50,""
"A2","19","ab_no_offset",1,50,""
"A2","19","ab_smooth_spline",1,50,""
"A2","19","ab_smooth_ewma",1,50,""
"A2","19","ab_kalman_gauss",1,50,""
"A2","19","ab_no_filter",1,50,""
"A2","19","ab_rclr_nofill",1,50,""
"A2","19","ab_no_normalize",1,50,""
"A2","19","ab_nb_hier",1,50,""
"A2","19","ab_nb_nohier",1,50,""
"A2","20","base",1,50,""
"A2","20","ab_nnls",1.27574783369889,50,""
"A2","20","ab_no_offset",1,50,""
"A2","20","ab_smooth_spline",1,50,""
"A2","20","ab_smooth_ewma",1,50,""
"A2","20","ab_kalman_gauss",1,50,""
"A2","20","ab_no_filter",1,50,""
"A2","20","ab_rclr_nofill",1,50,""
"A2","20","ab_no_normalize",1,50,""
"A2","20","ab_nb_hier",1,50,""
"A2","20","ab_nb_nohier",1,50,""
"A2","21","base",1,50,""
"A2","21","ab_nnls",1.28945586032978,50,""
"A2","21","ab_no_offset",1,50,""
"A2","21","ab_smooth_spline",1,50,""
"A2","21","ab_smooth_ewma",1,50,""
"A2","21","ab_kalman_gauss",1,50,""
"A2","21","ab_no_filter",1,50,""
"A2","21","ab_rclr_nofill",1,50,""
"A2","21","ab_no_normalize",1,50,""
"A2","21","ab_nb_hier",1,50,""
"A2","21","ab_nb_nohier",1,50,""
"A2","22","base",1,50,""
"A2","22","ab_nnls",1.32663271165534,50,""
"A2","22","ab_no_offset",1,50,""
"A2","22","ab_smooth_spline",1,50,""
"A2","22","ab_smooth_ewma",1,50,""
"A2","22","ab_kalman_gauss",1,50,""
"A2","22","ab_no_filter",1,50,""
"A2","22","ab_rclr_nofill",1,50,""
"A2","22","ab_no_normalize",1,50,""
"A2","22","ab_nb_hier",1,50,""
"A2","22","ab_nb_nohier",1,50,""
"A2","23","base",1,50,""
"A2","23","ab_nnls",1.25890978514242,50,""
"A2","23","ab_no_offset",1,50,""
"A2","23","ab_smooth_spline",1,50,""
"A2","23","ab_smooth_ewma",1,50,""
"A2","23","ab_kalman_gauss",1,50,""
"A2","23","ab_no_filter",1,50,""
"A2","23","ab_rclr_nofill",1,50,""
"A2","23","ab_no_normalize",1,50,""
"A2","23","ab_nb_hier",1,50,""
"A2","23","ab_nb_nohier",1,50,""
"A2","24","base",1,50,""
"A2","24","ab_nnls",1.33749617254599,50,""
"A2","24","ab_no_offset",1,50,""
"A2","24","ab_smooth_spline",1,50,""
"A2","24","ab_smooth_ewma",1,50,""
"A2","24","ab_kalman_gauss",1,50,""
"A2","24","ab_no_filter",1,50,""
"A2","24","ab_rclr_nofill",1,50,""
"A2","24","ab_no_normalize",1,50,""
"A2","24","ab_nb_hier",1,50,""
"A2","24","ab_nb_nohier",1,50,""
"A2","25","base",1,50,""
"A2","25","ab_nnls",1.24601935949993,50,""
"A2","25","ab_no_offset",1,50,""
"A2","25","ab_smooth_spline",1,50,""
"A2","25","ab_smooth_ewma",1,50,""
"A2","25","ab_kalman_gauss",1,50,""
"A2","25","ab_no_filter",1,50,""
"A2","25","ab_rclr_nofill",1,50,""
"A2","25","ab_no_normalize",1,50,""
"A2","25","ab_nb_hier",1,50,""
"A2","25","ab_nb_nohier",1,50,""
"A2","26","base",1,50,""
"A2","26","ab_nnls",1.271253853378,50,""
"A2","26","ab_no_offset",1,50,""
"A2","26","ab_smooth_spline",1,50,""
"A2","26","ab_smooth_ewma",1,50,""
"A2","26","ab_kalman_gauss",1,50,""
"A2","26","ab_no_filter",1,50,""
"A2","26","ab_rclr_nofill",1,50,""
"A2","26","ab_no_normalize",1,50,""
"A2","26","ab_nb_hier",1,50,""
"A2","26","ab_nb_nohier",1,50,""
"A2","27","base",1,50,""
"A2","27","ab_nnls",1.3031828004228,50,""
"A2","27","ab_no_offset",1,50,""
"A2","27","ab_smooth_spline",1,50,""
"A2","27","ab_smooth_ewma",1,50,""
"A2","27","ab_kalman_gauss",1,50,""
"A2","27","ab_no_filter",1,50,""
"A2","27","ab_rclr_nofill",1,50,""
"A2","27","ab_no_normalize",1,50,""
"A2","27","ab_nb_hier",1,50,""
"A2","27","ab_nb_nohier",1,50,""
"A2","28","base",1,50,""
"A2","28","ab_nnls",1.26822663271578,50,""
"A2","28","ab_no_offset",1,50,""
"A2","28","ab_smooth_spline",1,50,""
"A2","28","ab_smooth_ewma",1,50,""
"A2","28","ab_kalman_gauss",1,50,""
"A2","28","ab_no_filter",1,50,""
"A2","28","ab_rclr_nofill",1,50,""
"A2","28","ab_no_normalize",1,50,""
"A2","28","ab_nb_hier",1,50,""
"A2","28","ab_nb_nohier",1,50,""
"A2","29","base",1,50,""
"A2","29","ab_nnls",1.28292073068378,50,""
"A2","29","ab_no_offset",1,50,""
"A2","29","ab_smooth_spline",1,50,""
"A2","29","ab_smooth_ewma",1,50,""
"A2","29","ab_kalman_gauss",1,50,""
"A2","29","ab_no_filter",1,50,""
"A2","29","ab_rclr_nofill",1,50,""
"A2","29","ab_no_normalize",1,50,""
"A2","29","ab_nb_hier",1,50,""
"A2","29","ab_nb_nohier",1,50,""
"A2","30","base",1,50,""
"A2","30","ab_nnls",1.2349365984629,50,""
"A2","30","ab_no_offset",1,50,""
"A2","30","ab_smooth_spline",1,50,""
"A2","30","ab_smooth_ewma",1,50,""
"A2","30","ab_kalman_gauss",1,50,""
"A2","30","ab_no_filter",1,50,""
"A2","30","ab_rclr_nofill",1,50,""
"A2","30","ab_no_normalize",1,50,""
"A2","30","ab_nb_hier",1,50,""
"A2","30","ab_nb_nohier",1,50,""
"A6","01","base",1,50,""
"A6","01","ab_nnls",1.36605790054671,50,""
"A6","01","ab_no_offset",1,50,""
"A6","01","ab_smooth_spline",1,50,""
"A6","01","ab_smooth_ewma",1,50,""
"A6","01","ab_kalman_gauss",1,50,""
"A6","01","ab_no_filter",1,50,""
"A6","01","ab_rclr_nofill",1,50,""
"A6","01","ab_no_normalize",1,50,""
"A6","01","ab_nb_hier",1,50,""
"A6","01","ab_nb_nohier",1,50,""
"A6","02","base",1,50,""
"A6","02","ab_nnls",1.34443063071492,50,""
"A6","02","ab_no_offset",1,50,""
"A6","02","ab_smooth_spline",1,50,""
"A6","02","ab_smooth_ewma",1,50,""
"A6","02","ab_kalman_gauss",1,50,""
"A6","02","ab_no_filter",1,50,""
"A6","02","ab_rclr_nofill",1,50,""
"A6","02","ab_no_normalize",1,50,""
"A6","02","ab_nb_hier",1,50,""
"A6","02","ab_nb_nohier",1,50,""
"A6","03","base",1,50,""
"A6","03","ab_nnls",1.3459589097885,50,""
"A6","03","ab_no_offset",1,50,""
"A6","03","ab_smooth_spline",1,50,""
"A6","03","ab_smooth_ewma",1,50,""
"A6","03","ab_kalman_gauss",1,50,""
"A6","03","ab_no_filter",1,50,""
"A6","03","ab_rclr_nofill",1,50,""
"A6","03","ab_no_normalize",1,50,""
"A6","03","ab_nb_hier",1,50,""
"A6","03","ab_nb_nohier",1,50,""
"A6","04","base",1,50,""
"A6","04","ab_nnls",1.31043843332109,50,""
"A6","04","ab_no_offset",1,50,""
"A6","04","ab_smooth_spline",1,50,""
"A6","04","ab_smooth_ewma",1,50,""
"A6","04","ab_kalman_gauss",1,50,""
"A6","04","ab_no_filter",1,50,""
"A6","04","ab_rclr_nofill",1,50,""
"A6","04","ab_no_normalize",1,50,""
"A6","04","ab_nb_hier",1,50,""
"A6","04","ab_nb_nohier",1,50,""
"A6","05","base",1,50,""
"A6","05","ab_nnls",1.35656292409118,50,""
"A6","05","ab_no_offset",1,50,""
"A6","05","ab_smooth_spline",1,50,""
"A6","05","ab_smooth_ewma",1,50,""
"A6","05","ab_kalman_gauss",1,50,""
"A6","05","ab_no_filter",1,50,""
"A6","05","ab_rclr_nofill",1,50,""
"A6","05","ab_no_normalize",1,50,""
"A6","05","ab_nb_hier",1,50,""
"A6","05","ab_nb_nohier",1,50,""
"A6","06","base",1,50,""
"A6","06","ab_nnls",1.25487938980504,50,""
"A6","06","ab_no_offset",1,50,""
"A6","06","ab_smooth_spline",1,50,""
"A6","06","ab_smooth_ewma",1,50,""
"A6","06","ab_kalman_gauss",1,50,""
"A6","06","ab_no_filter",1,50,""
"A6","06","ab_rclr_nofill",1,50,""
"A6","06","ab_no_normalize",1,50,""
"A6","06","ab_nb_hier",1,50,""
"A6","06","ab_nb_nohier",1,50,""
"A6","07","base",1,50,""
"A6","07","ab_nnls",1.35762542119508,50,""
"A6","07","ab_no_offset",1,50,""
"A6","07","ab_smooth_spline",0.999999999999998,50,""
"A6","07","ab_smooth_ewma",1,50,""
"A6","07","ab_kalman_gauss",1,50,""
"A6","07","ab_no_filter",1,50,""
"A6","07","ab_rclr_nofill",1,50,""
"A6","07","ab_no_normalize",1,50,""
"A6","07","ab_nb_hier",1,50,""
"A6","07","ab_nb_nohier",1,50,""
"A6","08","base",1,50,""
"A6","08","ab_nnls",1.35748332373284,50,""
"A6","08","ab_no_offset",1,50,""
"A6","08","ab_smooth_spline",1,50,""
"A6","08","ab_smooth_ewma",1,50,""
"A6","08","ab_kalman_gauss",1,50,""
"A6","08","ab_no_filter",1,50,""
"A6","08","ab_rclr_nofill",1,50,""
"A6","08","ab_no_normalize",1,50,""
"A6","08","ab_nb_hier",1,50,""
"A6","08","ab_nb_nohier",1,50,""
"A6","09","base",1,50,""
"A6","09","ab_nnls",1.45100370344795,50,""
"A6","09","ab_no_offset",1,50,""
"A6","09","ab_smooth_spline",1,50,""
"A6","09","ab_smooth_ewma",1,50,""
"A6","09","ab_kalman_gauss",1,50,""
"A6","09","ab_no_filter",1,50,""
"A6","09","ab_rclr_nofill",1,50,""
"A6","09","ab_no_normalize",1,50,""
"A6","09","ab_nb_hier",1,50,""
"A6","09","ab_nb_nohier",1,50,""
"A6","10","base",1,50,""
"A6","10","ab_nnls",1.25961880740769,50,""
"A6","10","ab_no_offset",1,50,""
"A6","10","ab_smooth_spline",1,50,""
"A6","10","ab_smooth_ewma",1,50,""
"A6","10","ab_kalman_gauss",1,50,""
"A6","10","ab_no_filter",1,50,""
"A6","10","ab_rclr_nofill",1,50,""
"A6","10","ab_no_normalize",1,50,""
"A6","10","ab_nb_hier",1,50,""
"A6","10","ab_nb_nohier",1,50,""
"A6","11","base",1,50,""
"A6","11","ab_nnls",1.28814717725168,50,""
"A6","11","ab_no_offset",1,50,""
"A6","11","ab_smooth_spline",1,50,""
"A6","11","ab_smooth_ewma",1,50,""
"A6","11","ab_kalman_gauss",1,50,""
"A6","11","ab_no_filter",1,50,""
"A6","11","ab_rclr_nofill",1,50,""
"A6","11","ab_no_normalize",1,50,""
"A6","11","ab_nb_hier",1,50,""
"A6","11","ab_nb_nohier",1,50,""
"A6","12","base",1,50,""
"A6","12","ab_nnls",1.23717375219149,50,""
"A6","12","ab_no_offset",1,50,""
"A6","12","ab_smooth_spline",1,50,""
"A6","12","ab_smooth_ewma",1,50,""
"A6","12","ab_kalman_gauss",1,50,""
"A6","12","ab_no_filter",1,50,""
"A6","12","ab_rclr_nofill",1,50,""
"A6","12","ab_no_normalize",1,50,""
"A6","12","ab_nb_hier",1,50,""
"A6","12","ab_nb_nohier",1,50,""
"A6","13","base",1,50,""
"A6","13","ab_nnls",1.2575456102651,50,""
"A6","13","ab_no_offset",1,50,""
"A6","13","ab_smooth_spline",1,50,""
"A6","13","ab_smooth_ewma",1,50,""
"A6","13","ab_kalman_gauss",1,50,""
"A6","13","ab_no_filter",1,50,""
"A6","13","ab_rclr_nofill",1,50,""
"A6","13","ab_no_normalize",1,50,""
"A6","13","ab_nb_hier",1,50,""
"A6","13","ab_nb_nohier",1,50,""
"A6","14","base",1,50,""
"A6","14","ab_nnls",1.36917998630742,50,""
"A6","14","ab_no_offset",1,50,""
"A6","14","ab_smooth_spline",1,50,""
"A6","14","ab_smooth_ewma",1,50,""
"A6","14","ab_kalman_gauss",1,50,""
"A6","14","ab_no_filter",1,50,""
"A6","14","ab_rclr_nofill",1,50,""
"A6","14","ab_no_normalize",1,50,""
"A6","14","ab_nb_hier",1,50,""
"A6","14","ab_nb_nohier",1,50,""
"A6","15","base",1,50,""
"A6","15","ab_nnls",1.3233440250449,50,""
"A6","15","ab_no_offset",1,50,""
"A6","15","ab_smooth_spline",1,50,""
"A6","15","ab_smooth_ewma",1,50,""
"A6","15","ab_kalman_gauss",1,50,""
"A6","15","ab_no_filter",1,50,""
"A6","15","ab_rclr_nofill",1,50,""
"A6","15","ab_no_normalize",1,50,""
"A6","15","ab_nb_hier",1,50,""
"A6","15","ab_nb_nohier",1,50,""
"A6","16","base",1,50,""
"A6","16","ab_nnls",1.26923818771208,50,""
"A6","16","ab_no_offset",1,50,""
"A6","16","ab_smooth_spline",1,50,""
"A6","16","ab_smooth_ewma",1,50,""
"A6","16","ab_kalman_gauss",1,50,""
"A6","16","ab_no_filter",1,50,""
"A6","16","ab_rclr_nofill",1,50,""
"A6","16","ab_no_normalize",1,50,""
"A6","16","ab_nb_hier",1,50,""
"A6","16","ab_nb_nohier",1,50,""
"A6","17","base",1,50,""
"A6","17","ab_nnls",1.29583924957151,50,""
"A6","17","ab_no_offset",1,50,""
"A6","17","ab_smooth_spline",1,50,""
"A6","17","ab_smooth_ewma",1,50,""
"A6","17","ab_kalman_gauss",1,50,""
"A6","17","ab_no_filter",1,50,""
"A6","17","ab_rclr_nofill",1,50,""
"A6","17","ab_no_normalize",1,50,""
"A6","17","ab_nb_hier",1,50,""
"A6","17","ab_nb_nohier",1,50,""
"A6","18","base",1,50,""
"A6","18","ab_nnls",1.34270913650899,50,""
"A6","18","ab_no_offset",1,50,""
"A6","18","ab_smooth_spline",1,50,""
"A6","18","ab_smooth_ewma",1,50,""
"A6","18","ab_kalman_gauss",1,50,""
"A6","18","ab_no_filter",1,50,""
"A6","18","ab_rclr_nofill",1,50,""
"A6","18","ab_no_normalize",1,50,""
"A6","18","ab_nb_hier",1,50,""
"A6","18","ab_nb_nohier",1,50,""
"A6","19","base",1,50,""
"A6","19","ab_nnls",1.41319595065471,50,""
"A6","19","ab_no_offset",1,50,""
"A6","19","ab_smooth_spline",1,50,""
"A6","19","ab_smooth_ewma",1,50,""
"A6","19","ab_kalman_gauss",1,50,""
"A6","19","ab_no_filter",1,50,""
"A6","19","ab_rclr_nofill",1,50,""
"A6","19","ab_no_normalize",1,50,""
"A6","19","ab_nb_hier",1,50,""
"A6","19","ab_nb_nohier",1,50,""
"A6","20","base",1,50,""
"A6","20","ab_nnls",1.34303979982485,50,""
"A6","20","ab_no_offset",1,50,""
"A6","20","ab_smooth_spline",1,50,""
"A6","20","ab_smooth_ewma",1,50,""
"A6","20","ab_kalman_gauss",1,50,""
"A6","20","ab_no_filter",1,50,""
"A6","20","ab_rclr_nofill",1,50,""
"A6","20","ab_no_normalize",1,50,""
"A6","20","ab_nb_hier",1,50,""
"A6","20","ab_nb_nohier",1,50,""
"A6","21","base",1,50,""
"A6","21","ab_nnls",1.35476966775835,50,""
"A6","21","ab_no_offset",1,50,""
"A6","21","ab_smooth_spline",1,50,""
"A6","21","ab_smooth_ewma",1,50,""
"A6","21","ab_kalman_gauss",1,50,""
"A6","21","ab_no_filter",1,50,""
"A6","21","ab_rclr_nofill",1,50,""
"A6","21","ab_no_normalize",1,50,""
"A6","21","ab_nb_hier",1,50,""
"A6","21","ab_nb_nohier",1,50,""
"A6","22","base",1,50,""
"A6","22","ab_nnls",1.33322578054629,50,""
"A6","22","ab_no_offset",1,50,""
"A6","22","ab_smooth_spline",1,50,""
"A6","22","ab_smooth_ewma",1,50,""
"A6","22","ab_kalman_gauss",1,50,""
"A6","22","ab_no_filter",1,50,""
"A6","22","ab_rclr_nofill",1,50,""
"A6","22","ab_no_normalize",1,50,""
"A6","22","ab_nb_hier",1,50,""
"A6","22","ab_nb_nohier",1,50,""
"A6","23","base",1,50,""
"A6","23","ab_nnls",1.35522285084392,50,""
"A6","23","ab_no_offset",1,50,""
"A6","23","ab_smooth_spline",1,50,""
"A6","23","ab_smooth_ewma",1,50,""
"A6","23","ab_kalman_gauss",1,50,""
"A6","23","ab_no_filter",1,50,""
"A6","23","ab_rclr_nofill",1,50,""
"A6","23","ab_no_normalize",1,50,""
"A6","23","ab_nb_hier",1,50,""
"A6","23","ab_nb_nohier",1,50,""
"A6","24","base",1,50,""
"A6","24","ab_nnls",1.25071377248375,50,""
"A6","24","ab_no_offset",1,50,""
"A6","24","ab_smooth_spline",1,50,""
"A6","24","ab_smooth_ewma",1,50,""
"A6","24","ab_kalman_gauss",1,50,""
"A6","24","ab_no_filter",1,50,""
"A6","24","ab_rclr_nofill",1,50,""
"A6","24","ab_no_normalize",1,50,""
"A6","24","ab_nb_hier",1,50,""
"A6","24","ab_nb_nohier",1,50,""
"A6","25","base",1,50,""
"A6","25","ab_nnls",1.26175873994314,50,""
"A6","25","ab_no_offset",1,50,""
"A6","25","ab_smooth_spline",1,50,""
"A6","25","ab_smooth_ewma",1,50,""
"A6","25","ab_kalman_gauss",1,50,""
"A6","25","ab_no_filter",1,50,""
"A6","25","ab_rclr_nofill",1,50,""
"A6","25","ab_no_normalize",1,50,""
"A6","25","ab_nb_hier",1,50,""
"A6","25","ab_nb_nohier",1,50,""
"A6","26","base",1,50,""
"A6","26","ab_nnls",1.30148306072178,50,""
"A6","26","ab_no_offset",1,50,""
"A6","26","ab_smooth_spline",1,50,""
"A6","26","ab_smooth_ewma",1,50,""
"A6","26","ab_kalman_gauss",1,50,""
"A6","26","ab_no_filter",1,50,""
"A6","26","ab_rclr_nofill",1,50,""
"A6","26","ab_no_normalize",1,50,""
"A6","26","ab_nb_hier",1,50,""
"A6","26","ab_nb_nohier",1,50,""
"A6","27","base",1,50,""
"A6","27","ab_nnls",1.3238173948431,50,""
"A6","27","ab_no_offset",1,50,""
"A6","27","ab_smooth_spline",1,50,""
"A6","27","ab_smooth_ewma",1,50,""
"A6","27","ab_kalman_gauss",1,50,""
"A6","27","ab_no_filter",1,50,""
"A6","27","ab_rclr_nofill",1,50,""
"A6","27","ab_no_normalize",1,50,""
"A6","27","ab_nb_hier",1,50,""
"A6","27","ab_nb_nohier",1,50,""
"A6","28","base",1,50,""
"A6","28","ab_nnls",1.24782484195365,50,""
"A6","28","ab_no_offset",1,50,""
"A6","28","ab_smooth_spline",0.999999999999996,50,""
"A6","28","ab_smooth_ewma",1,50,""
"A6","28","ab_kalman_gauss",1,50,""
"A6","28","ab_no_filter",1,50,""
"A6","28","ab_rclr_nofill",1,50,""
"A6","28","ab_no_normalize",1,50,""
"A6","28","ab_nb_hier",1,50,""
"A6","28","ab_nb_nohier",1,50,""
"A6","29","base",1,50,""
"A6","29","ab_nnls",1.33888603831228,50,""
"A6","29","ab_no_offset",1,50,""
"A6","29","ab_smooth_spline",1,50,""
"A6","29","ab_smooth_ewma",1,50,""
"A6","29","ab_kalman_gauss",1,50,""
"A6","29","ab_no_filter",1,50,""
"A6","29","ab_rclr_nofill",1,50,""
"A6","29","ab_no_normalize",1,50,""
"A6","29","ab_nb_hier",1,50,""
"A6","29","ab_nb_nohier",1,50,""
"A6","30","base",1,50,""
"A6","30","ab_nnls",1.25149467618744,50,""
"A6","30","ab_no_offset",1,50,""
"A6","30","ab_smooth_spline",1,50,""
"A6","30","ab_smooth_ewma",1,50,""
"A6","30","ab_kalman_gauss",1,50,""
"A6","30","ab_no_filter",1,50,""
"A6","30","ab_rclr_nofill",1,50,""
"A6","30","ab_no_normalize",1,50,""
"A6","30","ab_nb_hier",1,50,""
"A6","30","ab_nb_nohier",1,50,""
