"dataset","n_archives","first_archive","dims","obs_meta_cols","n_obs","label_values","label_levels","time_meta_cols","n_time","time_ids","intervention_flags","feature_ids_head","feature_ids_tail","truth_t0","truth_T","truth_effect_size","truth_effect_taxa","truth_effect_signs"
"A1","30","A1_rep01_v1.tar.gz","40x50x5","observation_id,label","40","treat,ctrl","ctrl,treat","time_identifier,elapsed_time,delta_t,is_intervention_timepoint","5","time_001,time_002,time_003,time_004,time_005","FALSE,FALSE,FALSE,TRUE,TRUE","taxa_001,taxa_002,taxa_003,taxa_004,taxa_005,taxa_006,taxa_007,taxa_008,taxa_009,taxa_010","taxa_048,taxa_049,taxa_050","4","5","0.4","1;4;8;31;41;42","1;-1;-1;1;1;1"
"A2","30","A2_rep01_v1.tar.gz","40x50x5","observation_id,label","40","treat,ctrl","ctrl,treat","time_identifier,elapsed_time,delta_t,is_intervention_timepoint","5","time_001,time_002,time_003,time_004,time_005","FALSE,FALSE,FALSE,TRUE,TRUE","taxa_001,taxa_002,taxa_003,taxa_004,taxa_005,taxa_006,taxa_007,taxa_008,taxa_009,taxa_010","taxa_048,taxa_049,taxa_050","4","5","1.2","16;28;31;34;41;45","1;1;1;1;-1;-1"
"A3","30","A3_rep01_v1.tar.gz","40x50x7","observation_id,label","40","treat,ctrl","ctrl,treat","time_identifier,elapsed_time,delta_t,is_intervention_timepoint","7","time_001,time_002,time_003,time_004,time_005,time_006,time_007","FALSE,FALSE,FALSE,FALSE,TRUE,TRUE,TRUE","taxa_001,taxa_002,taxa_003,taxa_004,taxa_005,taxa_006,taxa_007,taxa_008,taxa_009,taxa_010","taxa_048,taxa_049,taxa_050","5","7","0.4","8;9;18;29;37;50","1;-1;-1;-1;-1;-1"
"A4","30","A4_rep01_v1.tar.gz","40x50x7","observation_id,label","40","treat,ctrl","ctrl,treat","time_identifier,elapsed_time,delta_t,is_intervention_timepoint","7","time_001,time_002,time_003,time_004,time_005,time_006,time_007","FALSE,FALSE,FALSE,FALSE,TRUE,TRUE,TRUE","taxa_001,taxa_002,taxa_003,taxa_004,taxa_005,taxa_006,taxa_007,taxa_008,taxa_009,taxa_010","taxa_048,taxa_049,taxa_050","5","7","1.2","5;14;15;24;25;31","-1;1;1;-1;1;-1"
"A5","30","A5_rep01_v1.tar.gz","40x50x9","observation_id,label","40","treat,ctrl","ctrl,treat","time_identifier,elapsed_time,delta_t,is_intervention_timepoint","9","time_001,time_002,time_003,time_004,time_005,time_006,time_007,time_008,time_009","FALSE,FALSE,FALSE,TRUE,TRUE,TRUE,TRUE,TRUE,TRUE","taxa_001,taxa_002,taxa_003,taxa_004,taxa_005,taxa_006,taxa_007,taxa_008,taxa_009,taxa_010","taxa_048,taxa_049,taxa_050","4","9","0.4","3;18;27;39;40;47","1;-1;1;1;1;1"
"A6","30","A6_rep01_v1.tar.gz","40x50x9","observation_id,label","40","treat,ctrl","ctrl,treat","time_identifier,elapsed_time,delta_t,is_intervention_timepoint","9","time_001,time_002,time_003,time_004,time_005,time_006,time_007,time_008,time_009","FALSE,FALSE,FALSE,TRUE,TRUE,TRUE,TRUE,TRUE,TRUE","taxa_001,taxa_002,taxa_003,taxa_004,taxa_005,taxa_006,taxa_007,taxa_008,taxa_009,taxa_010","taxa_048,taxa_049,taxa_050","4","9","1.2","6;14;21;26;28;29","-1;-1;1;1;-1;1"
"A7","30","A7_rep01_v1.tar.gz","40x50x9","observation_id,label","40","treat,ctrl","ctrl,treat","time_identifier,elapsed_time,delta_t,is_intervention_timepoint","9","time_001,time_002,time_003,time_004,time_005,time_006,time_007,time_008,time_009","FALSE,FALSE,FALSE,FALSE,FALSE,FALSE,TRUE,TRUE,TRUE","taxa_001,taxa_002,taxa_003,taxa_004,taxa_005,taxa_006,taxa_007,taxa_008,taxa_009,taxa_010","taxa_048,taxa_049,taxa_050","7","9","0.4","2;19;30;42;43;48","1;-1;1;1;1;-1"
"A8","30","A8_rep01_v1.tar.gz","40x50x9","observation_id,label","40","treat,ctrl","ctrl,treat","time_identifier,elapsed_time,delta_t,is_intervention_timepoint","9","time_001,time_002,time_003,time_004,time_005,time_006,time_007,time_008,time_009","FALSE,FALSE,FALSE,FALSE,FALSE,FALSE,TRUE,TRUE,TRUE","taxa_001,taxa_002,taxa_003,taxa_004,taxa_005,taxa_006,taxa_007,taxa_008,taxa_009,taxa_010","taxa_048,taxa_049,taxa_050","7","9","1.2","9;11;15;22;27;30","1;-1;1;-1;-1;-1"
"A9","30","A9_rep01_v1.tar.gz","40x50x9","observation_id,label","40","treat,ctrl","ctrl,treat","time_identifier,elapsed_time,delta_t,is_intervention_timepoint","9","time_001,time_002,time_003,time_004,time_005,time_006,time_007,time_008,time_009","FALSE,FALSE,FALSE,TRUE,TRUE,TRUE,TRUE,TRUE,TRUE","taxa_001,taxa_002,taxa_003,taxa_004,taxa_005,taxa_006,taxa_007,taxa_008,taxa_009,taxa_010","taxa_048,taxa_049,taxa_050","4","9","0.4","3;24;30;36;43;47","-1;-1;-1;-1;1;1"
"A10","30","A10_rep01_v1.tar.gz","40x50x9","observation_id,label","40","treat,ctrl","ctrl,treat","time_identifier,elapsed_time,delta_t,is_intervention_timepoint","9","time_001,time_002,time_003,time_004,time_005,time_006,time_007,time_008,time_009","FALSE,FALSE,FALSE,TRUE,TRUE,TRUE,TRUE,TRUE,TRUE","taxa_001,taxa_002,taxa_003,taxa_004,taxa_005,taxa_006,taxa_007,taxa_008,taxa_009,taxa_010","taxa_048,taxa_049,taxa_050","4","9","1.2","7;12;13;24;31;37","1;-1;-1;-1;1;-1"
"A11","30","A11_rep01_v1.tar.gz","40x50x9","observation_id,label","40","treat,ctrl","ctrl,treat","time_identifier,elapsed_time,delta_t,is_intervention_timepoint","9","time_001,time_002,time_003,time_004,time_005,time_006,time_007,time_008,time_009","FALSE,FALSE,FALSE,FALSE,FALSE,FALSE,TRUE,TRUE,TRUE","taxa_001,taxa_002,taxa_003,taxa_004,taxa_005,taxa_006,taxa_007,taxa_008,taxa_009,taxa_010","taxa_048,taxa_049,taxa_050","7","9","0","",""
"A12","30","A12_rep01_v1.tar.gz","40x50x9","observation_id,label","40","treat,ctrl","ctrl,treat","time_identifier,elapsed_time,delta_t,is_intervention_timepoint","9","time_001,time_002,time_003,time_004,time_005,time_006,time_007,time_008,time_009","FALSE,FALSE,FALSE,FALSE,FALSE,FALSE,TRUE,TRUE,TRUE","taxa_001,taxa_002,taxa_003,taxa_004,taxa_005,taxa_006,taxa_007,taxa_008,taxa_009,taxa_010","taxa_048,taxa_049,taxa_050","7","9","1.2","20;23;26;39;44;49","1;1;-1;1;1;1"
