"feature","method","estimate","standard_error","statistic","p_value","fdr","n_treated","n_control","mean_pre_treated","mean_post_treated","mean_pre_control","mean_post_control","effect_range"
"k__Archaea|p__Euryarchaeota|c__Methanobacteria|o__Methanobacteriales|f__Methanobacteriaceae|g__Methanobrevibacter","event_study",0.107686427909819,0.222883499243605,0.483151190084832,0.62898838933525,0.991345164220561,8,31,-1.63777067732691,-1.86466481144341,-1.71750443747856,-2.05208500052095,0.319869702216295
"k__Bacteria|p__Actinobacteria|c__Actinobacteria|o__Actinomycetales|f__Actinomycetaceae|g__Actinobaculum","event_study",0.175374200677731,0.51870174667738,0.338102198037921,0.735286174190876,0.991345164220561,8,31,-1.18210915761228,-1.69299143954098,-1.19934662365301,-1.88560310791418,0.319219922703934
"k__Bacteria|p__Actinobacteria|c__Actinobacteria|o__Actinomycetales|f__Actinomycetaceae|g__Actinomyces","event_study",0.664797949609883,0.758949100918836,0.875945368147921,0.381059734211636,0.991345164220561,8,31,2.17109769996801,1.15392082467436,3.12975598434024,1.44778115316401,1.54145116491727
"k__Bacteria|p__Actinobacteria|c__Actinobacteria|o__Actinomycetales|f__Actinomycetaceae|g__Varibaculum","event_study",0.61510346434621,0.918490345152671,0.669689635380944,0.503055660220826,0.991345164220561,8,31,-0.064685443442673,-0.864271470241914,0.324929534132628,-1.08975996281663,0.419070216438051
"k__Bacteria|p__Actinobacteria|c__Actinobacteria|o__Actinomycetales|f__Corynebacteriaceae|g__Corynebacterium","event_study",-0.604589590793464,0.52549559255446,-1.15051315245961,0.249932580228172,0.991345164220561,8,31,-0.646727145198929,-1.58350211187958,-1.27484668322357,-1.60703205340616,0.667434706837806
"k__Bacteria|p__Actinobacteria|c__Actinobacteria|o__Actinomycetales|f__Microbacteriaceae|g__unclassified","event_study",-0.0108603370759967,0.279318278503506,-0.0388815838841009,0.96898479939688,0.991345164220561,8,31,-1.55112727975692,-1.86466481144341,-1.71750443747856,-2.02018163198658,0.280145592146279
"k__Bacteria|p__Actinobacteria|c__Actinobacteria|o__Actinomycetales|f__Micrococcaceae|g__Rothia","event_study",0.772597134998918,0.797471164708353,0.96880886631364,0.332640562019505,0.991345164220561,8,31,1.30994160673492,-0.338700825061635,2.01218112703398,-0.409058447051334,1.54758002918074
"k__Bacteria|p__Actinobacteria|c__Actinobacteria|o__Bifidobacteriales|f__Bifidobacteriaceae|g__Bifidobacterium","event_study",-0.166417613781839,0.900026700059996,-0.184902974290369,0.853305138072944,0.991345164220561,8,31,8.55066606251403,7.23888306148456,8.21658402319366,7.07121863751626,1.21832450060415
"k__Bacteria|p__Actinobacteria|c__Actinobacteria|o__Bifidobacteriales|f__Bifidobacteriaceae|g__unclassified","event_study",-0.150517624423486,0.929302153927458,-0.161968444587546,0.871330703287723,0.991345164220561,8,31,1.13294704381409,0.856775372496176,0.0703211837053228,-0.0553328617688926,1.27297351811478
"k__Bacteria|p__Actinobacteria|c__Coriobacteriia|o__Coriobacteriales|f__Coriobacteriaceae|g__Adlercreutzia","event_study",0.164756749132132,0.386729939675898,0.426025327312925,0.670089390764251,0.991345164220561,8,31,-1.63777067732691,-1.60395504190155,-1.71750443747856,-1.84844555273989,0.735992650405047
"k__Bacteria|p__Actinobacteria|c__Coriobacteriia|o__Coriobacteriales|f__Coriobacteriaceae|g__Atopobium","event_study",-0.635744211080083,0.696635281936881,-0.912592611319513,0.3614568417364,0.991345164220561,8,31,-0.0286839474428731,-1.28823382658653,-0.298615846035416,-0.922421508100426,0.943662002733434
"k__Bacteria|p__Actinobacteria|c__Coriobacteriia|o__Coriobacteriales|f__Coriobacteriaceae|g__Collinsella","event_study",1.37361157021871,1.10213182393172,1.24632239119865,0.212646060666985,0.991345164220561,8,31,0.0451766441873529,-0.543846939928976,1.05790795900064,-0.9047272082951,1.95128238197569
"k__Bacteria|p__Actinobacteria|c__Coriobacteriia|o__Coriobacteriales|f__Coriobacteriaceae|g__Eggerthella","event_study",-0.0542931992492854,0.977877386569978,-0.0555214794768138,0.955723018193616,0.991345164220561,8,31,1.14328917077903,0.87106123820112,2.50986213779487,2.29192740497853,1.17453071814399
"k__Bacteria|p__Actinobacteria|c__Coriobacteriia|o__Coriobacteriales|f__Coriobacteriaceae|g__Slackia","event_study",0.077620334987954,0.253573387949615,0.306105998013392,0.759523941241561,0.991345164220561,8,31,-1.63777067732691,-1.86466481144341,-1.71750443747856,-2.0220189073154,0.342229288650809
"k__Bacteria|p__Actinobacteria|c__Coriobacteriia|o__Coriobacteriales|f__Coriobacteriaceae|g__unclassified","event_study",0.61052672299301,0.866079990141191,0.704931103296221,0.48085311287231,0.991345164220561,8,31,-0.810017335335919,-0.880295525725279,-0.0111122655703225,-0.69191718471332,0.653713826798413
"k__Bacteria|p__Bacteroidetes|c__Bacteroidia|o__Bacteroidales|f__Bacteroidaceae|g__Bacteroides","event_study",0.372567152170758,0.980850776021464,0.379840808896505,0.704063587516661,0.991345164220561,8,31,8.39060148714703,8.3505084708136,9.02597036065404,8.6133101886345,1.74056756572127
"k__Bacteria|p__Bacteroidetes|c__Bacteroidia|o__Bacteroidales|f__Porphyromonadaceae|g__Dysgonomonas","event_study",0.1166302624133,0.220942687561762,0.527875639155052,0.59758565383342,0.991345164220561,8,31,-1.63777067732691,-1.86466481144341,-1.71750443747856,-2.06102883510882,0.342229288650809
"k__Bacteria|p__Bacteroidetes|c__Bacteroidia|o__Bacteroidales|f__Porphyromonadaceae|g__Parabacteroides","event_study",1.58505160692124,1.36952059713572,1.1573769757361,0.247118376629274,0.991345164220561,8,31,3.5687762067065,4.0474133655967,3.40433062596775,2.29791616298095,1.68904028479202
"k__Bacteria|p__Bacteroidetes|c__Bacteroidia|o__Bacteroidales|f__Porphyromonadaceae|g__Porphyromonas","event_study",-0.350140588198238,0.566565211983608,-0.61800580196648,0.53657151406254,0.991345164220561,8,31,-0.89921782363486,-1.59838877175175,-1.17292313797559,-1.52195349459049,1.12900840823582
"k__Bacteria|p__Bacteroidetes|c__Bacteroidia|o__Bacteroidales|f__Prevotellaceae|g__Prevotella","event_study",0.273977054022939,1.07621589688573,0.254574435125659,0.799051806561011,0.991345164220561,8,31,0.397161991938845,0.337607154722064,1.38929405857061,1.05576216474578,1.17872802049177
"k__Bacteria|p__Bacteroidetes|c__Bacteroidia|o__Bacteroidales|f__Rikenellaceae|g__unclassified","event_study",-0.218885985736458,1.31927273626387,-0.165914128079638,0.868224528995013,0.991345164220561,8,31,1.70381311638195,1.47965735942716,1.58483749064373,1.57956772149069,2.74861443596872
"k__Bacteria|p__Bacteroidetes|c__Bacteroidia|o__Bacteroidales|f__S24-7|g__unclassified","event_study",0.0887791485694672,0.649139705007483,0.136764317271956,0.891217089249227,0.991345164220561,8,31,-0.942650319310455,-1.41815828069023,-1.09633141835176,-1.66061852913867,1.1882683793989
"k__Bacteria|p__Bacteroidetes|c__Bacteroidia|o__Bacteroidales|f__[Barnesiellaceae]|g__unclassified","event_study",-0.250781787821265,0.973541023274156,-0.257597555548148,0.796717516451088,0.991345164220561,8,31,-0.669947864442463,-0.579878503858732,-1.43619285879369,-1.09534170802245,1.43966942280039
"k__Bacteria|p__Bacteroidetes|c__Bacteroidia|o__Bacteroidales|f__[Odoribacteraceae]|g__Butyricimonas","event_study",0.0522285274955191,0.338291733720307,0.154389014833867,0.877303014706302,0.991345164220561,8,31,-1.63777067732691,-1.81630305720529,-1.71750443747856,-1.94826534534525,0.396978446645898
"k__Bacteria|p__Bacteroidetes|c__Bacteroidia|o__Bacteroidales|f__[Odoribacteraceae]|g__Odoribacter","event_study",0.150462192691273,0.751259333759882,0.200279964494077,0.841261631114572,0.991345164220561,8,31,-1.63777067732691,-1.29239263796288,-1.63897717953417,-1.44406133428109,0.43656561680304
"k__Bacteria|p__Bacteroidetes|c__Bacteroidia|o__Bacteroidales|f__[Paraprevotellaceae]|g__Paraprevotella","event_study",0.138989848672002,0.223613834548432,0.621561939370521,0.534229954337159,0.991345164220561,8,31,-1.63777067732691,-1.86466481144341,-1.69514485100888,-2.06102883510882,0.342229288650809
"k__Bacteria|p__Bacteroidetes|c__Bacteroidia|o__Bacteroidales|f__[Paraprevotellaceae]|g__[Prevotella]","event_study",0.295025084196716,0.310244656070919,0.950943323031085,0.341633147878157,0.991345164220561,8,31,-1.63777067732691,-1.64296245381456,-1.62769679828215,-1.92791366175022,0.787733581066087
"k__Bacteria|p__Bacteroidetes|c__Bacteroidia|o__Bacteroidales|f__unclassified|g__unclassified","event_study",-0.0444562423131538,0.533933185028081,-0.0832618079560192,0.933643367645854,0.991345164220561,8,31,-1.46448405538057,-1.73390817147093,-1.59679186116635,-1.82175973452409,0.49092408184118
"k__Bacteria|p__Bacteroidetes|c__Flavobacteriia|o__Flavobacteriales|f__[Weeksellaceae]|g__Cloacibacterium","event_study",-0.164702661306219,0.471296741048285,-0.349467006582472,0.726738736211594,0.991345164220561,8,31,-0.880925682904641,-1.43231552838564,-1.40631082084177,-1.7929980034625,0.687915108483475
"k__Bacteria|p__Cyanobacteria|c__4C0d-2|o__YS2|f__unclassified|g__unclassified","event_study",-0.465429418473278,0.846163029885637,-0.550046979169231,0.582287151558188,0.991345164220561,8,31,-1.53519003425884,-1.78267858871704,-1.54828777441135,-1.33034690600471,1.75186580311345
"k__Bacteria|p__Cyanobacteria|c__Chloroplast|o__Streptophyta|f__unclassified|g__unclassified","event_study",-1.18681654817072,0.945837455927084,-1.25477854649712,0.209559162665437,0.991345164220561,8,31,-0.499786511877341,-0.160067456014498,-1.45001201477564,0.0765236004561272,0.850110250056344
"k__Bacteria|p__Firmicutes|c__Bacilli|o__Bacillales|f__Bacillaceae|g__Bacillus","event_study",0.137531867870917,0.407942580460186,0.337135357911822,0.736014864295597,0.991345164220561,8,31,-1.63777067732691,-1.8184063540836,-1.56529471951289,-1.88346226543817,0.485263809587008
"k__Bacteria|p__Firmicutes|c__Bacilli|o__Bacillales|f__Planococcaceae|g__unclassified","event_study",0.19667111213467,0.634313873802776,0.310053303667484,0.756520421772517,0.991345164220561,8,31,0.789197312123787,-1.03628180499251,0.942409248827223,-1.07974098227943,1.09740738983979
"k__Bacteria|p__Firmicutes|c__Bacilli|o__Bacillales|f__Staphylococcaceae|g__Staphylococcus","event_study",0.506394358999662,0.828261953236724,0.611393964217176,0.540938797521939,0.991345164220561,8,31,2.33078602533963,-0.924209806277721,2.68962135439725,-1.07176884099785,1.22948390889375
"k__Bacteria|p__Firmicutes|c__Bacilli|o__Gemellales|f__Gemellaceae|g__unclassified","event_study",-0.112042046767677,0.720481420054082,-0.155509973816212,0.876419291626405,0.991345164220561,8,31,1.41758033626747,0.470328490946414,1.04453182066388,0.209322023167667,1.88544419887229
"k__Bacteria|p__Firmicutes|c__Bacilli|o__Lactobacillales|f__Carnobacteriaceae|g__Granulicatella","event_study",-0.607243060710628,0.775523455417614,-0.783010567209256,0.433620906673219,0.991345164220561,8,31,0.81316336885123,1.99361025552847,0.159524748041742,1.94721470115924,1.64701646608339
"k__Bacteria|p__Firmicutes|c__Bacilli|o__Lactobacillales|f__Enterococcaceae|g__Enterococcus","event_study",0.669102605614081,1.08145312357429,0.618706988799149,0.536109405109007,0.991345164220561,8,31,2.89097297306911,0.993915261394449,3.98650020322155,1.42033987961948,1.63009901790239
"k__Bacteria|p__Firmicutes|c__Bacilli|o__Lactobacillales|f__Enterococcaceae|g__unclassified","event_study",-0.119159891856861,0.997915164974357,-0.119408839588006,0.90495145842453,0.991345164220561,8,31,1.35834251436471,0.0778658135503983,1.0948609052769,-0.0664559025562226,0.594208666729377
"k__Bacteria|p__Firmicutes|c__Bacilli|o__Lactobacillales|f__Lactobacillaceae|g__Lactobacillus","event_study",1.41034241311824,1.33173912778686,1.05902303513602,0.28958928915098,0.991345164220561,8,31,4.47867466552437,2.63552362160943,5.00592857404897,1.75243510370851,2.00032989081044
"k__Bacteria|p__Firmicutes|c__Bacilli|o__Lactobacillales|f__Lactobacillaceae|g__Pediococcus","event_study",0.00960660844795665,0.454631875062799,0.0211305211422531,0.983141537975737,0.991345164220561,8,31,-1.63777067732691,-1.83973664726689,-1.71750443747856,-1.92907701595713,0.753011273782686
"k__Bacteria|p__Firmicutes|c__Bacilli|o__Lactobacillales|f__Lactobacillaceae|g__unclassified","event_study",0.395355063156393,0.363143672641108,1.088701505608,0.276285537649641,0.991345164220561,8,31,-1.63777067732691,-1.65484000481759,-1.57656619980776,-1.9889905941852,0.827234483422045
"k__Bacteria|p__Firmicutes|c__Bacilli|o__Lactobacillales|f__Leuconostocaceae|g__Leuconostoc","event_study",-0.0741791411294469,0.471924464423146,-0.157184351991837,0.875099560302162,0.991345164220561,8,31,-1.53519003425884,-1.56337707583027,-1.68036332497672,-1.63437122471878,0.432464119517369
"k__Bacteria|p__Firmicutes|c__Bacilli|o__Lactobacillales|f__Streptococcaceae|g__Lactococcus","event_study",-0.323408719061909,0.984614314103724,-0.328462337414119,0.742562116421488,0.991345164220561,8,31,-0.966982531266972,-0.241481420413413,-1.19130949091587,-0.142399657948882,0.977824856609064
"k__Bacteria|p__Firmicutes|c__Bacilli|o__Lactobacillales|f__Streptococcaceae|g__Streptococcus","event_study",0.885712750866707,0.590940432428888,1.49881900486356,0.133920592894619,0.991345164220561,8,31,5.51776534697238,4.8155039450475,6.22797095711095,4.63999679596223,0.958368405096566
"k__Bacteria|p__Firmicutes|c__Bacilli|o__Lactobacillales|f__Streptococcaceae|g__unclassified","event_study",0.464881501809049,0.553255738288148,0.840265124492804,0.400759751052835,0.991345164220561,8,31,-0.963495056504012,-1.31399286920427,-0.744977392113889,-1.56035671100958,1.22066809969798
"k__Bacteria|p__Firmicutes|c__Bacilli|o__Lactobacillales|f__unclassified|g__unclassified","event_study",0.246223966509947,0.747855534577848,0.329240013780116,0.741974280694696,0.991345164220561,8,31,0.338754300973686,-0.828216248205236,0.493011437429915,-0.920183080582202,1.05435571303624
"k__Bacteria|p__Firmicutes|c__Bacilli|o__Turicibacterales|f__Turicibacteraceae|g__Turicibacter","event_study",-1.08931642745359,0.915890710835373,-1.18935197678775,0.234301189949051,0.991345164220561,8,31,-0.956197576566538,-0.26077497761472,-1.53488594254289,0.249853094140759,1.84879429385625
"k__Bacteria|p__Firmicutes|c__Clostridia|o__Clostridiales|f__Christensenellaceae|g__unclassified","event_study",0.36031252558358,0.526735454776778,0.684048363017968,0.493944626948829,0.991345164220561,8,31,-1.63777067732691,-1.31819128744738,-1.44542397277598,-1.48615711187975,1.13554841120869
"k__Bacteria|p__Firmicutes|c__Clostridia|o__Clostridiales|f__Clostridiaceae|g__02d06","event_study",-0.568972293278831,0.804284696750578,-0.707426481664463,0.479301484965706,0.991345164220561,8,31,-1.35287452697967,-0.86884658193093,-1.47851744776558,-0.425517204069477,0.889041050904719
"k__Bacteria|p__Firmicutes|c__Clostridia|o__Clostridiales|f__Clostridiaceae|g__Clostridium","event_study",1.88815086064969,1.11788968319882,1.68903147513338,0.0912133983119583,0.991345164220561,8,31,3.33802157203516,4.12222770850881,5.54230298578114,4.43835824378945,1.21958291420153
"k__Bacteria|p__Firmicutes|c__Clostridia|o__Clostridiales|f__Clostridiaceae|g__SMB53","event_study",-0.326611759382386,0.719905741806407,-0.453686837616885,0.650054241889895,0.991345164220561,8,31,-0.433275848229374,1.98308884239973,-0.488355435475439,2.2546210176178,1.31549949549781
"k__Bacteria|p__Firmicutes|c__Clostridia|o__Clostridiales|f__Clostridiaceae|g__Sarcina","event_study",0.174738655679152,0.998786899501701,0.174950888689399,0.861118223454813,0.991345164220561,8,31,-1.21361290284071,0.181195117989665,-1.1099957192835,0.110073644218973,1.6481454137847
"k__Bacteria|p__Firmicutes|c__Clostridia|o__Clostridiales|f__Clostridiaceae|g__unclassified","event_study",2.33730485089488,0.798277733432076,2.92793441807024,0.00341222010419601,0.484535254795834,8,31,2.66653505226939,5.90056408948283,5.02627786520488,5.9230020294698,1.08752597000903
"k__Bacteria|p__Firmicutes|c__Clostridia|o__Clostridiales|f__Dehalobacteriaceae|g__Dehalobacterium","event_study",0.191523568545495,0.227971508695227,0.840120634555001,0.400840751646209,0.991345164220561,8,31,-1.63777067732691,-1.78977150460456,-1.71750443747856,-2.06102883510882,0.615839779822189
"k__Bacteria|p__Firmicutes|c__Clostridia|o__Clostridiales|f__EtOH8|g__unclassified","event_study",0.1166302624133,0.220942687561762,0.527875639155052,0.59758565383342,0.991345164220561,8,31,-1.63777067732691,-1.86466481144341,-1.71750443747856,-2.06102883510882,0.342229288650809
"k__Bacteria|p__Firmicutes|c__Clostridia|o__Clostridiales|f__Eubacteriaceae|g__Anaerofustis","event_study",0.305497611433617,0.352263248386874,0.867242361593464,0.385809230192852,0.991345164220561,8,31,-1.63777067732691,-1.53842421367326,-1.71750443747856,-1.92365558814105,0.92212549561093
"k__Bacteria|p__Firmicutes|c__Clostridia|o__Clostridiales|f__Eubacteriaceae|g__Pseudoramibacter_Eubacterium","event_study",-0.0743364717196428,0.472670733306337,-0.157269038426937,0.875032820335971,0.991345164220561,8,31,-0.65483346842014,-1.14103804834748,-1.41568080767851,-1.8275489151848,0.640053796333111
"k__Bacteria|p__Firmicutes|c__Clostridia|o__Clostridiales|f__Lachnospiraceae|g__Anaerostipes","event_study",-0.43064750933965,0.84296983491423,-0.510869418457266,0.609442496441049,0.991345164220561,8,31,-1.63777067732691,-1.26208017378019,-1.66844366979629,-0.862105652846547,0.840177108377162
"k__Bacteria|p__Firmicutes|c__Clostridia|o__Clostridiales|f__Lachnospiraceae|g__Blautia","event_study",0.477999908092783,1.04746156504156,0.456341238710576,0.648144613659043,0.991345164220561,8,31,1.43974256107366,5.08935775737234,2.07710896995583,5.24872425365155,1.11606560120037
"k__Bacteria|p__Firmicutes|c__Clostridia|o__Clostridiales|f__Lachnospiraceae|g__Coprococcus","event_study",-0.78503904537587,1.02120327400932,-0.768739256283179,0.442048115553127,0.991345164220561,8,31,1.65939432289972,4.92319423864311,1.08782513095616,5.13666409948265,1.71830741997732
"k__Bacteria|p__Firmicutes|c__Clostridia|o__Clostridiales|f__Lachnospiraceae|g__Dorea","event_study",-1.10206684899671,1.0961633667971,-1.00538558610735,0.314711217733318,0.991345164220561,8,31,1.20426286985825,2.64949019230808,0.456830966936185,3.00412514878127,0.763497578792297
"k__Bacteria|p__Firmicutes|c__Clostridia|o__Clostridiales|f__Lachnospiraceae|g__Epulopiscium","event_study",0.165277538306641,1.12376810533719,0.147074416440258,0.883073282984846,0.991345164220561,8,31,0.611117023620546,1.27882203938251,1.46612142051244,1.9685488964083,1.68576066361461
"k__Bacteria|p__Firmicutes|c__Clostridia|o__Clostridiales|f__Lachnospiraceae|g__Lachnobacterium","event_study",0.969109340917668,0.810393297882951,1.195850636289,0.231754851621202,0.991345164220561,8,31,-1.55112727975692,-0.703633768018411,-1.15231541425677,-1.27393125257996,0.856927767042346
"k__Bacteria|p__Firmicutes|c__Clostridia|o__Clostridiales|f__Lachnospiraceae|g__Lachnospira","event_study",-1.27656252484092,1.42121808411625,-0.89821719770384,0.369069766535571,0.991345164220561,8,31,-0.608919428369668,2.47049227626072,-0.150104318288284,4.20586992322802,2.09761864330637
"k__Bacteria|p__Firmicutes|c__Clostridia|o__Clostridiales|f__Lachnospiraceae|g__Oribacterium","event_study",0.00705660239815281,0.360062891900264,0.0195982495194408,0.984363860247177,0.991345164220561,8,31,-1.63777067732691,-1.74041950179121,-1.71750443747856,-1.82720986440759,0.654720491030562
"k__Bacteria|p__Firmicutes|c__Clostridia|o__Clostridiales|f__Lachnospiraceae|g__Roseburia","event_study",-1.75393509286832,1.29794430621419,-1.35131768325572,0.176593689861243,0.991345164220561,8,31,1.40052211786427,3.54814382442253,0.653180723434779,4.5547375394106,2.04737155813268
"k__Bacteria|p__Firmicutes|c__Clostridia|o__Clostridiales|f__Lachnospiraceae|g__[Ruminococcus]","event_study",-0.472671108518329,0.950962615201274,-0.497044890054155,0.619157395910967,0.991345164220561,8,31,2.08188130858718,3.34897744298874,2.41246745873013,4.15223470610992,1.70209057539057
"k__Bacteria|p__Firmicutes|c__Clostridia|o__Clostridiales|f__Lachnospiraceae|g__unclassified","event_study",0.932710847755321,0.713490696446768,1.30725018896572,0.19112775517324,0.991345164220561,8,31,4.96775678516176,7.19984941803372,6.77222126380148,8.07160304011753,1.77875617358682
"k__Bacteria|p__Firmicutes|c__Clostridia|o__Clostridiales|f__Peptococcaceae|g__rc4-4","event_study",-0.0138985724931937,0.373266123616573,-0.0372350224513561,0.970297614086918,0.991345164220561,8,31,-1.63777067732691,-1.86466481144341,-1.71750443747856,-1.93049999897073,0.3059178730731
"k__Bacteria|p__Firmicutes|c__Clostridia|o__Clostridiales|f__Peptococcaceae|g__unclassified","event_study",0.1166302624133,0.220942687561762,0.527875639155052,0.59758565383342,0.991345164220561,8,31,-1.63777067732691,-1.86466481144341,-1.71750443747856,-2.06102883510882,0.342229288650809
"k__Bacteria|p__Firmicutes|c__Clostridia|o__Clostridiales|f__Peptostreptococcaceae|g__Peptostreptococcus","event_study",0.585763027424215,0.47668323792344,1.22883076395964,0.219135264545923,0.991345164220561,8,31,-1.08248525656984,-1.63305666349707,-0.747083254486521,-1.88341769436493,0.520062238756842
"k__Bacteria|p__Firmicutes|c__Clostridia|o__Clostridiales|f__Peptostreptococcaceae|g__unclassified","event_study",0.150446201546207,1.35120123110669,0.111342558075517,0.911344708725946,0.991345164220561,8,31,0.209741357533611,1.06029742484135,0.361243330638002,1.06135319498,1.26337725333327
"k__Bacteria|p__Firmicutes|c__Clostridia|o__Clostridiales|f__Ruminococcaceae|g__Anaerotruncus","event_study",-0.0375339865764611,0.729721738117514,-0.051436026386289,0.958978077850356,0.991345164220561,8,31,-1.63777067732691,-0.711265610802252,-1.66902260577928,-0.704983552324011,1.99253406767662
"k__Bacteria|p__Firmicutes|c__Clostridia|o__Clostridiales|f__Ruminococcaceae|g__Faecalibacterium","event_study",-0.101124773532464,1.35702004532793,-0.0745197345320176,0.940596838937831,0.991345164220561,8,31,0.690790120587535,4.46551446048842,0.0449008435814717,3.92074995796897,3.35402353231915
"k__Bacteria|p__Firmicutes|c__Clostridia|o__Clostridiales|f__Ruminococcaceae|g__Oscillospira","event_study",-1.1703935771089,1.1627812294773,-1.00654667227043,0.314152672327396,0.991345164220561,8,31,1.55414705915082,3.42274088895475,1.06356404451528,4.10255146247135,1.62160874030444
"k__Bacteria|p__Firmicutes|c__Clostridia|o__Clostridiales|f__Ruminococcaceae|g__Ruminococcus","event_study",-1.41773600951479,1.0807760286829,-1.31177595717267,0.189595739433299,0.991345164220561,8,31,2.3383436113874,3.39397618692563,1.80855129186653,4.2819198902966,1.88735249346115
"k__Bacteria|p__Firmicutes|c__Clostridia|o__Clostridiales|f__Ruminococcaceae|g__unclassified","event_study",0.248207284480576,0.832962754739568,0.297981251944668,0.765717472777369,0.991345164220561,8,31,3.54643194486873,6.94944456849026,3.69842673634963,6.85323207314862,1.18306842924333
"k__Bacteria|p__Firmicutes|c__Clostridia|o__Clostridiales|f__Veillonellaceae|g__Acidaminococcus","event_study",0.325918130860894,0.382933203105904,0.851109614463904,0.394708465106852,0.991345164220561,8,31,-1.63777067732691,-1.64692817961996,-1.71750443747856,-2.0525800737077,1.43091244605602
"k__Bacteria|p__Firmicutes|c__Clostridia|o__Clostridiales|f__Veillonellaceae|g__Dialister","event_study",0.206661843680645,1.38615385748664,0.149090119083434,0.881482522580455,0.991345164220561,8,31,1.90067772719004,0.872968235278348,2.11460446561502,0.880233128072735,1.7584113046616
"k__Bacteria|p__Firmicutes|c__Clostridia|o__Clostridiales|f__Veillonellaceae|g__Megamonas","event_study",-0.013274487960031,0.370440808808066,-0.0358343023889379,0.971414481271836,0.991345164220561,8,31,-1.63777067732691,-1.86466481144341,-1.71750443747856,-1.93112408350978,0.145444819453115
"k__Bacteria|p__Firmicutes|c__Clostridia|o__Clostridiales|f__Veillonellaceae|g__Megasphaera","event_study",-0.924357354644738,0.352773481858982,-2.62025748016468,0.00878634000161146,0.623830140114414,8,31,-0.493017254605796,-1.75642709830864,-1.71750443747856,-2.05655691781489,0.480658372023167
"k__Bacteria|p__Firmicutes|c__Clostridia|o__Clostridiales|f__Veillonellaceae|g__Phascolarctobacterium","event_study",-0.5501105217718,0.690215892404185,-0.797012250551977,0.425443916569062,0.991345164220561,8,31,-0.42851569787648,-1.83000745241542,-0.824894398736782,-1.67627562631335,0.339798406033439
"k__Bacteria|p__Firmicutes|c__Clostridia|o__Clostridiales|f__Veillonellaceae|g__Selenomonas","event_study",-0.490755915305443,0.675856606865804,-0.7261243144182,0.467762564605799,0.991345164220561,8,31,-1.4115970667645,-1.58982965959897,-1.60873043600185,-1.29620710890036,1.01008582085701
"k__Bacteria|p__Firmicutes|c__Clostridia|o__Clostridiales|f__Veillonellaceae|g__Veillonella","event_study",0.561768870723405,0.976820661842922,0.575099291679132,0.565224146964264,0.991345164220561,8,31,5.18401181629567,5.31443338454415,6.11926629148561,5.68791898371011,1.44183060260536
"k__Bacteria|p__Firmicutes|c__Clostridia|o__Clostridiales|f__Veillonellaceae|g__unclassified","event_study",0.281013705340697,0.642407768872457,0.437438211299853,0.661793577488538,0.991345164220561,8,31,-1.53657102244587,-1.73291834365578,-1.02517261500042,-1.50253364420252,0.930544028090854
"k__Bacteria|p__Firmicutes|c__Clostridia|o__Clostridiales|f__[Mogibacteriaceae]|g__Mogibacterium","event_study",0.0387786645932757,0.328024259255438,0.118218892350514,0.905894220993882,0.991345164220561,8,31,-1.63777067732691,-1.7543020018789,-1.65042578037102,-1.80573576988218,0.456826684238229
"k__Bacteria|p__Firmicutes|c__Clostridia|o__Clostridiales|f__[Mogibacteriaceae]|g__unclassified","event_study",0.120381275903106,0.487978531876812,0.24669379499157,0.805145209059615,0.991345164220561,8,31,-1.63777067732691,-1.3559483354461,-1.69514485100888,-1.53370378616704,0.800024021306873
"k__Bacteria|p__Firmicutes|c__Clostridia|o__Clostridiales|f__[Tissierellaceae]|g__1-68","event_study",-0.293275046442828,0.390989173625372,-0.750084826450542,0.453203617539905,0.991345164220561,8,31,-1.17666074556267,-1.79564250358599,-1.51960587426473,-1.84531258307802,0.49684619859269
"k__Bacteria|p__Firmicutes|c__Clostridia|o__Clostridiales|f__[Tissierellaceae]|g__Anaerococcus","event_study",-0.0821085938155168,0.622932287765701,-0.131809821754495,0.8951347177023,0.991345164220561,8,31,0.0413995289715143,-1.53318740063591,-0.0569357365198842,-1.54941407153705,0.383931991967563
"k__Bacteria|p__Firmicutes|c__Clostridia|o__Clostridiales|f__[Tissierellaceae]|g__Finegoldia","event_study",-1.11717242203811,0.627410209215603,-1.78060924994321,0.0749763076123497,0.991345164220561,8,31,0.848370929017137,-1.50299474393405,-0.232763112483858,-1.46695635285586,0.333915878909129
"k__Bacteria|p__Firmicutes|c__Clostridia|o__Clostridiales|f__[Tissierellaceae]|g__Peptoniphilus","event_study",0.103768286059851,0.781035674341962,0.132859854509562,0.894304216824924,0.991345164220561,8,31,0.724515834183469,-1.35202925574936,0.756907593993231,-1.42340578297856,1.65901373597681
"k__Bacteria|p__Firmicutes|c__Clostridia|o__Clostridiales|f__[Tissierellaceae]|g__WAL_1855D","event_study",0.126255468635685,0.55551901854501,0.227274790638794,0.820210074375342,0.991345164220561,8,31,-1.04574639533058,-1.57277659991861,-0.980776036637052,-1.63406171105205,0.533609076907969
"k__Bacteria|p__Firmicutes|c__Clostridia|o__Clostridiales|f__unclassified|g__unclassified","event_study",-0.00496931983587002,0.783321595378782,-0.00634390761749274,0.994938328008169,0.994938328008169,8,31,3.16944745465429,5.20280607795024,3.85591224661595,5.89424018979466,0.623142233059289
"k__Bacteria|p__Firmicutes|c__Clostridia|o__SHA-98|f__unclassified|g__unclassified","event_study",0.0645087963556493,0.329958592566484,0.195505732564462,0.844997050336014,0.991345164220561,8,31,-1.63777067732691,-1.80710018411856,-1.71750443747856,-1.95134274123453,0.325532971924156
"k__Bacteria|p__Firmicutes|c__Clostridia|o__unclassified|f__unclassified|g__unclassified","event_study",0.25775599497243,0.379796112295812,0.678669387673119,0.497347366789691,0.991345164220561,8,31,-1.46448388218693,-1.57300921300276,-1.57028833303398,-1.93656966125429,0.912403092308887
"k__Bacteria|p__Firmicutes|c__Erysipelotrichi|o__Erysipelotrichales|f__Erysipelotrichaceae|g__Bulleidia","event_study",-0.282601893252329,0.478852427520546,-0.590164896345239,0.555080104021997,0.991345164220561,8,31,-1.63777067732691,-1.54821271329432,-1.59262717782167,-1.22046731787025,0.792946420055825
"k__Bacteria|p__Firmicutes|c__Erysipelotrichi|o__Erysipelotrichales|f__Erysipelotrichaceae|g__Coprobacillus","event_study",-0.953791745486977,0.984763564825621,-0.968548979222106,0.332770270113234,0.991345164220561,8,31,-1.32209642312582,-0.508370244189522,-1.35443376726695,0.41308416615582,1.68383360026338
"k__Bacteria|p__Firmicutes|c__Erysipelotrichi|o__Erysipelotrichales|f__Erysipelotrichaceae|g__Holdemania","event_study",-0.420698521596645,0.604781619321035,-0.695620548238466,0.486666494280991,0.991345164220561,8,31,-1.34813457605827,-1.6031685561813,-1.71750443747856,-1.55183989203544,0.367260241863598
"k__Bacteria|p__Firmicutes|c__Erysipelotrichi|o__Erysipelotrichales|f__Erysipelotrichaceae|g__[Eubacterium]","event_study",-0.222427908655876,1.09849093841819,-0.202484973591288,0.839537604451095,0.991345164220561,8,31,-0.0630735332802365,2.19824838920249,0.398897877503693,2.88264771074101,2.83806316005713
"k__Bacteria|p__Firmicutes|c__Erysipelotrichi|o__Erysipelotrichales|f__Erysipelotrichaceae|g__cc_115","event_study",0.312103200937102,0.431422918982231,0.723427493544813,0.469417285040574,0.991345164220561,8,31,-1.53519003425884,-1.34781142796762,-1.71750443747856,-1.84222903506928,1.4289390806199
"k__Bacteria|p__Firmicutes|c__Erysipelotrichi|o__Erysipelotrichales|f__Erysipelotrichaceae|g__unclassified","event_study",-2.15459218480943,1.24399084995182,-1.73200002628064,0.0832735577610332,0.991345164220561,8,31,2.36334100959916,3.76905293827027,1.43951342256682,4.99981755637702,2.21956563733576
"k__Bacteria|p__Fusobacteria|c__Fusobacteriia|o__Fusobacteriales|f__Fusobacteriaceae|g__Fusobacterium","event_study",0.111120376341015,0.961577623557198,0.11556048478951,0.90800088159341,0.991345164220561,8,31,-0.836498348302676,-0.512929271887517,-0.323753556080456,-0.111304857054787,0.955535974103474
"k__Bacteria|p__Fusobacteria|c__Fusobacteriia|o__Fusobacteriales|f__Leptotrichiaceae|g__Leptotrichia","event_study",0.0455582356482656,0.423622231619092,0.107544487158148,0.914357034297814,0.991345164220561,8,31,-1.63777067732691,-1.68988338399352,-1.71750443747856,-1.8151753802233,0.748011635196501
"k__Bacteria|p__Lentisphaerae|c__[Lentisphaeria]|o__Victivallales|f__Victivallaceae|g__unclassified","event_study",0.1166302624133,0.220942687561762,0.527875639155052,0.59758565383342,0.991345164220561,8,31,-1.63777067732691,-1.86466481144341,-1.71750443747856,-2.06102883510882,0.342229288650809
"k__Bacteria|p__Proteobacteria|c__Alphaproteobacteria|o__RF32|f__unclassified|g__unclassified","event_study",-0.315818907500029,1.08889111579194,-0.290037179034506,0.771787794710743,0.991345164220561,8,31,-0.629961621640854,-0.925863928461864,-1.07352805987392,-1.05361145621499,1.0237849598508
"k__Bacteria|p__Proteobacteria|c__Alphaproteobacteria|o__Rhizobiales|f__Methylobacteriaceae|g__Methylobacterium","event_study",0.109603025689952,0.425013981144364,0.257880988749693,0.796498757519881,0.991345164220561,8,31,-1.2935736676949,-1.6683783926182,-1.4240772957413,-1.90848504738871,0.418168666986873
"k__Bacteria|p__Proteobacteria|c__Alphaproteobacteria|o__Rickettsiales|f__mitochondria|g__unclassified","event_study",-0.409092393656707,0.807084434494962,-0.506876822513247,0.612241249160664,0.991345164220561,8,31,-1.13283077527768,-0.566026783084971,-1.50091824683675,-0.525021857127341,0.800938529179171
"k__Bacteria|p__Proteobacteria|c__Alphaproteobacteria|o__Sphingomonadales|f__Sphingomonadaceae|g__Sphingobium","event_study",-0.606260810775597,0.438516205318187,-1.38252772285963,0.166809724288055,0.991345164220561,8,31,-0.875610428987433,-1.6613983464939,-1.54389524982743,-1.72342235083792,0.740115133889078
"k__Bacteria|p__Proteobacteria|c__Betaproteobacteria|o__Burkholderiales|f__Alcaligenaceae|g__Sutterella","event_study",-0.179023900853828,1.50913405146259,-0.118626904402777,0.905570949223793,0.991345164220561,8,31,3.04165054388598,4.4158749853717,2.84724718183284,4.40049552586158,3.51712738048337
"k__Bacteria|p__Proteobacteria|c__Betaproteobacteria|o__Burkholderiales|f__Comamonadaceae|g__Comamonas","event_study",0.027483325567892,0.305240321946722,0.0900383192908867,0.928256764087383,0.991345164220561,8,31,-1.63777067732691,-1.86466481144341,-1.71750443747856,-1.97188189742227,0.355844124430616
"k__Bacteria|p__Proteobacteria|c__Betaproteobacteria|o__Burkholderiales|f__Comamonadaceae|g__Curvibacter","event_study",0.25597335199523,0.372325257178053,0.687499295469012,0.491768144577863,0.991345164220561,8,31,-1.32715734610341,-1.71086168801614,-1.23005268306828,-1.86973037939147,0.586163099210574
"k__Bacteria|p__Proteobacteria|c__Betaproteobacteria|o__Burkholderiales|f__Comamonadaceae|g__Limnohabitans","event_study",-0.165214276387583,0.375614976883786,-0.439850076688236,0.660045695824083,0.991345164220561,8,31,-1.36642640738468,-1.80000180215093,-1.6118386497179,-1.88019976653769,0.455393776223488
"k__Bacteria|p__Proteobacteria|c__Betaproteobacteria|o__Burkholderiales|f__Comamonadaceae|g__unclassified","event_study",-0.241378832486017,0.442607688023958,-0.545356167588645,0.585508580755585,0.991345164220561,8,31,-1.14695500208534,-1.56108359823422,-1.6270038776723,-1.79975363905763,0.689614995225988
"k__Bacteria|p__Proteobacteria|c__Betaproteobacteria|o__Burkholderiales|f__Oxalobacteraceae|g__Ralstonia","event_study",-0.21067771554452,0.596689101152791,-0.353077867749712,0.724030064685436,0.991345164220561,8,31,-1.20455386267059,-1.43729511792877,-1.37042801182369,-1.39249154954951,0.848399210106768
"k__Bacteria|p__Proteobacteria|c__Betaproteobacteria|o__Burkholderiales|f__Oxalobacteraceae|g__unclassified","event_study",-0.155363752822821,0.498784797026865,-0.311484539522669,0.75543229439733,0.991345164220561,8,31,-0.866611775518634,-1.46559822057894,-1.23482391228315,-1.6784466030547,1.09253342493585
"k__Bacteria|p__Proteobacteria|c__Betaproteobacteria|o__Burkholderiales|f__unclassified|g__unclassified","event_study",-0.22069342249051,0.764145238363398,-0.28881083256264,0.772726142016451,0.991345164220561,8,31,-0.540573439759084,-0.921428625369634,-0.881184734198938,-1.04134649523663,0.635937523556179
"k__Bacteria|p__Proteobacteria|c__Betaproteobacteria|o__Neisseriales|f__Neisseriaceae|g__Eikenella","event_study",0.0322801088147448,0.411514616658939,0.0784421925928779,0.937476312072157,0.991345164220561,8,31,-1.63777067732691,-1.70637389579754,-1.71750443747856,-1.81838776506851,0.847675665128244
"k__Bacteria|p__Proteobacteria|c__Betaproteobacteria|o__Neisseriales|f__Neisseriaceae|g__Neisseria","event_study",-0.8607372413954,0.960703515355821,-0.895944719299381,0.370282288582049,0.991345164220561,8,31,-0.158920194807772,-0.150946102512267,-1.1844500601851,-0.315738718372712,0.955915302862242
"k__Bacteria|p__Proteobacteria|c__Deltaproteobacteria|o__Desulfovibrionales|f__Desulfovibrionaceae|g__Bilophila","event_study",0.982057714921973,0.971641320169584,1.01072041146889,0.312150264894044,0.991345164220561,8,31,-0.969775073295281,-0.224107666968518,-0.593120311761778,-0.829510629623188,2.23421086432691
"k__Bacteria|p__Proteobacteria|c__Deltaproteobacteria|o__Desulfovibrionales|f__Desulfovibrionaceae|g__Desulfovibrio","event_study",0.118517790570782,0.292955972745926,0.404558369163444,0.68580216490258,0.991345164220561,8,31,-1.63777067732691,-1.83013897972865,-1.71750443747856,-2.02839053156935,0.514858446953144
"k__Bacteria|p__Proteobacteria|c__Epsilonproteobacteria|o__Campylobacterales|f__Campylobacteraceae|g__Campylobacter","event_study",-1.16720552553649,1.01603590638164,-1.14878373707599,0.25064516694745,0.991345164220561,8,31,0.851700591224553,0.207670806455888,0.0554631331190506,0.578638884900047,0.641389955205197
"k__Bacteria|p__Proteobacteria|c__Gammaproteobacteria|o__Enterobacteriales|f__Enterobacteriaceae|g__Citrobacter","event_study",0.329643120313702,0.564268874310663,0.584195115699779,0.559089047274723,0.991345164220561,8,31,-1.09120349004962,-1.31402267786157,-0.888653280225691,-1.4411155914617,0.852115766466064
"k__Bacteria|p__Proteobacteria|c__Gammaproteobacteria|o__Enterobacteriales|f__Enterobacteriaceae|g__Enterobacter","event_study",0.542162904931194,0.63849980271726,0.849119925525293,0.395814564044851,0.991345164220561,8,31,-1.09900612891702,-1.42079183006367,-0.748538168584499,-1.61248677977792,0.915906486412868
"k__Bacteria|p__Proteobacteria|c__Gammaproteobacteria|o__Enterobacteriales|f__Enterobacteriaceae|g__Erwinia","event_study",-0.869202984882883,1.04169574531376,-0.834411572470306,0.404049098254266,0.991345164220561,8,31,2.09740874102026,-0.260325974881938,1.0062552824491,-0.482276440368858,1.51490661406601
"k__Bacteria|p__Proteobacteria|c__Gammaproteobacteria|o__Enterobacteriales|f__Enterobacteriaceae|g__Klebsiella","event_study",0.223959902918543,0.590102816169497,0.379526917651947,0.704296619403323,0.991345164220561,8,31,-0.695364039315906,-1.26833659603433,-0.735613550860503,-1.53254601261065,0.994634314424807
"k__Bacteria|p__Proteobacteria|c__Gammaproteobacteria|o__Enterobacteriales|f__Enterobacteriaceae|g__Morganella","event_study",-0.150886208049341,0.538394825102058,-0.280251965684736,0.77928420046524,0.991345164220561,8,31,-0.88330000120453,-1.69633198075776,-1.32428315562399,-1.9864289257042,0.931997884082066
"k__Bacteria|p__Proteobacteria|c__Gammaproteobacteria|o__Enterobacteriales|f__Enterobacteriaceae|g__Proteus","event_study",1.08411769249437,0.766887490183488,1.41365937816378,0.15746193790344,0.991345164220561,8,31,-1.63777067732691,-1.34366201689662,-0.902229432537549,-1.69223847483082,1.65577291009843
"k__Bacteria|p__Proteobacteria|c__Gammaproteobacteria|o__Enterobacteriales|f__Enterobacteriaceae|g__Salmonella","event_study",0.664850761290305,0.896272315640912,0.741795489705469,0.458211253687819,0.991345164220561,8,31,0.658160261001119,-0.169591032507505,0.76608408005266,-0.726517981019474,1.80554090331191
"k__Bacteria|p__Proteobacteria|c__Gammaproteobacteria|o__Enterobacteriales|f__Enterobacteriaceae|g__Serratia","event_study",0.528757626444392,0.862994160636642,0.612701279524673,0.540073876337222,0.991345164220561,8,31,-0.355773985990246,-1.07085401574351,0.244100062922766,-0.999737598263979,0.818261913540869
"k__Bacteria|p__Proteobacteria|c__Gammaproteobacteria|o__Enterobacteriales|f__Enterobacteriaceae|g__Trabulsiella","event_study",0.547011503553267,0.51985306082501,1.05224253692987,0.292688288156607,0.991345164220561,8,31,-1.31726733777757,-1.54807597578736,-1.04646614126242,-1.82428628798681,0.835594930107694
"k__Bacteria|p__Proteobacteria|c__Gammaproteobacteria|o__Enterobacteriales|f__Enterobacteriaceae|g__Yersinia","event_study",0.0721531971337372,0.376072786113771,0.191859660677253,0.84785213647388,0.991345164220561,8,31,-1.46448405538057,-1.73239373950275,-1.5003168989834,-1.84037978092012,0.501688635835611
"k__Bacteria|p__Proteobacteria|c__Gammaproteobacteria|o__Enterobacteriales|f__Enterobacteriaceae|g__unclassified","event_study",0.873820267864814,0.831199753998552,1.05127589807532,0.293131893313909,0.991345164220561,8,31,8.09635053871236,5.91127696097351,9.10992191093878,6.05102805709018,1.90743325463392
"k__Bacteria|p__Proteobacteria|c__Gammaproteobacteria|o__Pasteurellales|f__Pasteurellaceae|g__Actinobacillus","event_study",-0.0399062395784973,0.946377729619408,-0.0421673485433198,0.966365291485909,0.991345164220561,8,31,-0.512672759363671,0.734842286200188,-0.621406401239678,0.666014884279212,0.764540268118924
"k__Bacteria|p__Proteobacteria|c__Gammaproteobacteria|o__Pasteurellales|f__Pasteurellaceae|g__Aggregatibacter","event_study",-0.540992064384434,1.02594801236269,-0.527309432705627,0.597978724912794,0.991345164220561,8,31,-0.927513712880467,-0.182775824752446,-0.88797183230119,0.397758125315794,0.454844338863539
"k__Bacteria|p__Proteobacteria|c__Gammaproteobacteria|o__Pasteurellales|f__Pasteurellaceae|g__Haemophilus","event_study",-0.350872772082174,0.904581840712986,-0.387883944039401,0.698101920532287,0.991345164220561,8,31,5.17261787215556,5.36564558025913,4.92550389417318,5.46940437766959,1.34829984049387
"k__Bacteria|p__Proteobacteria|c__Gammaproteobacteria|o__Pasteurellales|f__Pasteurellaceae|g__unclassified","event_study",0.763723912923814,0.82690045036764,0.923598375819316,0.35569545978655,0.991345164220561,8,31,0.201026822471648,0.39675599937527,1.09060754697649,0.522612803750177,0.922376488885756
"k__Bacteria|p__Proteobacteria|c__Gammaproteobacteria|o__Pseudomonadales|f__Moraxellaceae|g__Acinetobacter","event_study",-0.44270371801281,0.715869897913178,-0.618413652122166,0.536302700825807,0.991345164220561,8,31,-0.110887349757047,-1.23861479493578,-0.373866443819763,-1.05889016680856,0.764836509520938
"k__Bacteria|p__Proteobacteria|c__Gammaproteobacteria|o__Pseudomonadales|f__Pseudomonadaceae|g__Pseudomonas","event_study",-1.44446612707304,0.802782510890314,-1.79932435931006,0.0719673869948565,0.991345164220561,8,31,2.15527981131857,0.143729926677505,0.60107306937232,0.0339893254335441,2.66186154099364
"k__Bacteria|p__Tenericutes|c__Mollicutes|o__Anaeroplasmatales|f__Anaeroplasmataceae|g__unclassified","event_study",-0.0832646751381066,0.639265439426745,-0.130250550088823,0.896368201996552,0.991345164220561,8,31,-1.49824046433449,-1.86466481144341,-1.52511016104393,-1.80826983222911,0.46040858361543
"k__Bacteria|p__Tenericutes|c__Mollicutes|o__RF39|f__unclassified|g__unclassified","event_study",0.0402414497479707,0.358309447939709,0.112309206411833,0.910578242327556,0.991345164220561,8,31,-1.63777067732691,-1.86466481144341,-1.69514485100888,-1.96228043525305,0.444491673213863
"k__Bacteria|p__Tenericutes|c__RF3|o__ML615J-28|f__unclassified|g__unclassified","event_study",0.0321601196565748,0.402230367698101,0.0799544794208899,0.936273460166431,0.991345164220561,8,31,-1.63777067732691,-1.86466481144341,-1.71750443747856,-1.97655869155508,0.45140130075778
"k__Bacteria|p__Verrucomicrobia|c__Verrucomicrobiae|o__Verrucomicrobiales|f__Verrucomicrobiaceae|g__Akkermansia","event_study",0.638704234828105,1.45415520051799,0.439227005893588,0.660497058744306,0.991345164220561,8,31,-0.254357622785617,1.59170244705305,-0.203700954183955,1.00365487480012,2.90669729457327
