"feature","method","estimate","standard_error","statistic","p_value","fdr","n_treated","n_control","mean_pre_treated","mean_post_treated","mean_pre_control","mean_post_control","effect_range","placebo_p_value","placebo_fdr"
"k__Archaea|p__Euryarchaeota|c__Methanobacteria|o__Methanobacteriales|f__Methanobacteriaceae|g__Methanobrevibacter","scm",-0.432887412657992,0.238129343284878,-1.81786673866615,0.0690845031187075,0.130886548605189,8,31,-1.63777067732691,-1.86466481144341,-1.71750443747856,-2.05208500052095,0.605918382976207,0.625,0.966229838709677
"k__Bacteria|p__Actinobacteria|c__Actinobacteria|o__Actinomycetales|f__Actinomycetaceae|g__Actinobaculum","scm",-0.321247096703888,0.195594979983894,-1.64240972202017,0.100505121477997,0.171948521082838,8,31,-1.18210915761228,-1.69299143954098,-1.19934662365301,-1.88560310791418,0.736644265585602,0.65625,0.966229838709677
"k__Bacteria|p__Actinobacteria|c__Actinobacteria|o__Actinomycetales|f__Actinomycetaceae|g__Actinomyces","scm",0.602551555863292,0.208937386442514,2.88388577134363,0.00392801207122577,0.0146783608977384,8,31,2.17109769996801,1.15392082467436,3.12975598434024,1.44778115316401,2.94124418781596,0.78125,0.966229838709677
"k__Bacteria|p__Actinobacteria|c__Actinobacteria|o__Actinomycetales|f__Actinomycetaceae|g__Varibaculum","scm",-0.570315318412282,0.325934992709992,-1.74978241418752,0.0801558663174615,0.147819909312721,8,31,-0.064685443442673,-0.864271470241914,0.324929534132628,-1.08975996281663,1.76430338302335,0.71875,0.966229838709677
"k__Bacteria|p__Actinobacteria|c__Actinobacteria|o__Actinomycetales|f__Corynebacteriaceae|g__Corynebacterium","scm",-0.32027367048006,0.417300575328923,-0.76748916587909,0.442790732268673,0.537404136599586,8,31,-0.646727145198929,-1.58350211187958,-1.27484668322357,-1.60703205340616,1.83915391986233,0.84375,0.966229838709677
"k__Bacteria|p__Actinobacteria|c__Actinobacteria|o__Actinomycetales|f__Microbacteriaceae|g__unclassified","scm",-0.50863309556225,0.279842710725353,-1.81756778385927,0.0691302193337267,0.130886548605189,8,31,-1.55112727975692,-1.86466481144341,-1.71750443747856,-2.02018163198658,0.573765937498857,0.625,0.966229838709677
"k__Bacteria|p__Actinobacteria|c__Actinobacteria|o__Actinomycetales|f__Micrococcaceae|g__Rothia","scm",-0.305632552993361,0.31857357710874,-0.95937822517226,0.33736824056099,0.456250382472958,8,31,1.30994160673492,-0.338700825061635,2.01218112703398,-0.409058447051334,1.4923322922011,0.8125,0.966229838709677
"k__Bacteria|p__Actinobacteria|c__Actinobacteria|o__Bifidobacteriales|f__Bifidobacteriaceae|g__Bifidobacterium","scm",0.201437592844976,0.869358365833229,0.231708350390014,0.81676454520511,0.872034326459591,8,31,8.55066606251403,7.23888306148456,8.21658402319366,7.07121863751626,1.38964157826418,0.8125,0.966229838709677
"k__Bacteria|p__Actinobacteria|c__Actinobacteria|o__Bifidobacteriales|f__Bifidobacteriaceae|g__unclassified","scm",0.11418804086024,0.655054904156101,0.174318274904524,0.86161533782169,0.893061153070657,8,31,1.13294704381409,0.856775372496176,0.0703211837053228,-0.0553328617688926,0.938856272071158,0.9375,0.982589285714286
"k__Bacteria|p__Actinobacteria|c__Coriobacteriia|o__Coriobacteriales|f__Coriobacteriaceae|g__Adlercreutzia","scm",-0.867359020161768,0.126004707072683,-6.88354459378607,5.83813105657444e-12,6.90845508361309e-11,8,31,-1.63777067732691,-1.60395504190155,-1.71750443747856,-1.84844555273989,1.64651978036457,0.8125,0.966229838709677
"k__Bacteria|p__Actinobacteria|c__Coriobacteriia|o__Coriobacteriales|f__Coriobacteriaceae|g__Atopobium","scm",-0.474407270459537,0.308500713490133,-1.53778338173831,0.124101588181124,0.204911924671158,8,31,-0.0286839474428731,-1.28823382658653,-0.298615846035416,-0.922421508100426,0.69892931854795,0.6875,0.966229838709677
"k__Bacteria|p__Actinobacteria|c__Coriobacteriia|o__Coriobacteriales|f__Coriobacteriaceae|g__Collinsella","scm",0.547010004765998,0.586756238294598,0.932261080607984,0.351201615932599,0.46294484738181,8,31,0.0451766441873529,-0.543846939928976,1.05790795900064,-0.9047272082951,1.22874920856894,0.71875,0.966229838709677
"k__Bacteria|p__Actinobacteria|c__Coriobacteriia|o__Coriobacteriales|f__Coriobacteriaceae|g__Eggerthella","scm",0.102258167086938,0.575251719320367,0.177762471023556,0.858909521654936,0.893061153070657,8,31,1.14328917077903,0.87106123820112,2.50986213779487,2.29192740497853,1.37598506391973,0.9375,0.982589285714286
"k__Bacteria|p__Actinobacteria|c__Coriobacteriia|o__Coriobacteriales|f__Coriobacteriaceae|g__Slackia","scm",-0.432887412657992,0.238129343284878,-1.81786673866615,0.0690845031187075,0.130886548605189,8,31,-1.63777067732691,-1.86466481144341,-1.71750443747856,-2.0220189073154,0.605918382976207,0.65625,0.966229838709677
"k__Bacteria|p__Actinobacteria|c__Coriobacteriia|o__Coriobacteriales|f__Coriobacteriaceae|g__unclassified","scm",0.307210475799617,0.324197224862346,0.947603656786569,0.343331263871474,0.459934334620276,8,31,-0.810017335335919,-0.880295525725279,-0.0111122655703225,-0.69191718471332,1.02646847471927,0.84375,0.966229838709677
"k__Bacteria|p__Bacteroidetes|c__Bacteroidia|o__Bacteroidales|f__Bacteroidaceae|g__Bacteroides","scm",1.44708813304378,0.462928349054172,3.12594408184418,0.00177235249075526,0.00838913512290823,8,31,8.39060148714703,8.3505084708136,9.02597036065404,8.6133101886345,2.44533098273647,0.375,0.966229838709677
"k__Bacteria|p__Bacteroidetes|c__Bacteroidia|o__Bacteroidales|f__Porphyromonadaceae|g__Dysgonomonas","scm",-0.432887412657992,0.238129343284878,-1.81786673866615,0.0690845031187075,0.130886548605189,8,31,-1.63777067732691,-1.86466481144341,-1.71750443747856,-2.06102883510882,0.605918382976207,0.625,0.966229838709677
"k__Bacteria|p__Bacteroidetes|c__Bacteroidia|o__Bacteroidales|f__Porphyromonadaceae|g__Parabacteroides","scm",-0.345554333520826,0.404523654461406,-0.854225283762224,0.392980176559703,0.50273139704034,8,31,3.5687762067065,4.0474133655967,3.40433062596775,2.29791616298095,3.23558007207288,0.96875,0.982589285714286
"k__Bacteria|p__Bacteroidetes|c__Bacteroidia|o__Bacteroidales|f__Porphyromonadaceae|g__Porphyromonas","scm",-1.07555154689756,0.0821264343706097,-13.0962893389959,3.4575259317405e-39,1.22742170576788e-37,8,31,-0.89921782363486,-1.59838877175175,-1.17292313797559,-1.52195349459049,2.02969187433886,0.53125,0.966229838709677
"k__Bacteria|p__Bacteroidetes|c__Bacteroidia|o__Bacteroidales|f__Prevotellaceae|g__Prevotella","scm",0.0930572386448975,0.309212710202882,0.30094894412277,0.763453427300315,0.827560203638509,8,31,0.397161991938845,0.337607154722064,1.38929405857061,1.05576216474578,1.16394189485762,0.9375,0.982589285714286
"k__Bacteria|p__Bacteroidetes|c__Bacteroidia|o__Bacteroidales|f__Rikenellaceae|g__unclassified","scm",-0.310203213188136,0.816255210355818,-0.380032138542692,0.703921558607761,0.780912979080484,8,31,1.70381311638195,1.47965735942716,1.58483749064373,1.57956772149069,2.72160728520928,0.90625,0.982589285714286
"k__Bacteria|p__Bacteroidetes|c__Bacteroidia|o__Bacteroidales|f__S24-7|g__unclassified","scm",-1.91737619593597,0.475973111292093,-4.02832880775763,5.61747427957807e-05,0.000295437536185217,8,31,-0.942650319310455,-1.41815828069023,-1.09633141835176,-1.66061852913867,3.70429429016835,0.78125,0.966229838709677
"k__Bacteria|p__Bacteroidetes|c__Bacteroidia|o__Bacteroidales|f__[Barnesiellaceae]|g__unclassified","scm",6.72153512818173,6.32941590698327,1.06195188102046,0.288257530561092,0.402889776965319,8,31,-0.669947864442463,-0.579878503858732,-1.43619285879369,-1.09534170802245,3.38041404999251,0.03125,0.966229838709677
"k__Bacteria|p__Bacteroidetes|c__Bacteroidia|o__Bacteroidales|f__[Odoribacteraceae]|g__Butyricimonas","scm",-0.384525658419866,0.230099364127314,-1.67112873118201,0.0946962534715143,0.166010715962408,8,31,-1.63777067732691,-1.81630305720529,-1.71750443747856,-1.94826534534525,0.364109611785575,0.65625,0.966229838709677
"k__Bacteria|p__Bacteroidetes|c__Bacteroidia|o__Bacteroidales|f__[Odoribacteraceae]|g__Odoribacter","scm",-3.02605994620332,0.337088229038913,-8.97705611029804,2.78108074176579e-19,5.64162093329631e-18,8,31,-1.63777067732691,-1.29239263796288,-1.63897717953417,-1.44406133428109,4.36932212682662,0.75,0.966229838709677
"k__Bacteria|p__Bacteroidetes|c__Bacteroidia|o__Bacteroidales|f__[Paraprevotellaceae]|g__Paraprevotella","scm",-0.432887412657992,0.238129343284878,-1.81786673866615,0.0690845031187075,0.130886548605189,8,31,-1.63777067732691,-1.86466481144341,-1.69514485100888,-2.06102883510882,0.605918382976207,0.625,0.966229838709677
"k__Bacteria|p__Bacteroidetes|c__Bacteroidia|o__Bacteroidales|f__[Paraprevotellaceae]|g__[Prevotella]","scm",-0.211185055029138,0.297929024382714,-0.708843508841399,0.478421594491491,0.561453441469353,8,31,-1.63777067732691,-1.64296245381456,-1.62769679828215,-1.92791366175022,0.638876103480134,0.75,0.966229838709677
"k__Bacteria|p__Bacteroidetes|c__Bacteroidia|o__Bacteroidales|f__unclassified|g__unclassified","scm",-0.325236494981669,0.306989229200713,-1.05943943319596,0.289399698946919,0.402889776965319,8,31,-1.46448405538057,-1.73390817147093,-1.59679186116635,-1.82175973452409,0.630988297329638,0.625,0.966229838709677
"k__Bacteria|p__Bacteroidetes|c__Flavobacteriia|o__Flavobacteriales|f__[Weeksellaceae]|g__Cloacibacterium","scm",-0.350430996996008,0.182579391788077,-1.91933489077869,0.0549419650891929,0.130029317377756,8,31,-0.880925682904641,-1.43231552838564,-1.40631082084177,-1.7929980034625,1.35090725219685,0.78125,0.966229838709677
"k__Bacteria|p__Cyanobacteria|c__4C0d-2|o__YS2|f__unclassified|g__unclassified","scm",-2.14873133024916,0.0669721968158905,-32.0839308311195,7.38762613425847e-226,1.0490429110647e-223,8,31,-1.53519003425884,-1.78267858871704,-1.54828777441135,-1.33034690600471,5.14218825887311,0.59375,0.966229838709677
"k__Bacteria|p__Cyanobacteria|c__Chloroplast|o__Streptophyta|f__unclassified|g__unclassified","scm",0.305439136719516,0.27062575998677,1.12864029179797,0.25904960642827,0.375357592987901,8,31,-0.499786511877341,-0.160067456014498,-1.45001201477564,0.0765236004561272,0.863391812104607,0.75,0.966229838709677
"k__Bacteria|p__Firmicutes|c__Bacilli|o__Bacillales|f__Bacillaceae|g__Bacillus","scm",-0.38662895529818,0.262104487550828,-1.47509475671683,0.14018706991483,0.228811079631101,8,31,-1.63777067732691,-1.8184063540836,-1.56529471951289,-1.88346226543817,0.803481767752122,0.59375,0.966229838709677
"k__Bacteria|p__Firmicutes|c__Bacilli|o__Bacillales|f__Planococcaceae|g__unclassified","scm",-0.816123443577204,0.267098441070076,-3.05551556312934,0.00224673942208103,0.0102915160624357,8,31,0.789197312123787,-1.03628180499251,0.942409248827223,-1.07974098227943,1.47377234072068,0.5625,0.966229838709677
"k__Bacteria|p__Firmicutes|c__Bacilli|o__Bacillales|f__Staphylococcaceae|g__Staphylococcus","scm",-0.720187330100564,0.284167452247476,-2.53437656003393,0.0112647607564668,0.0340339580301762,8,31,2.33078602533963,-0.924209806277721,2.68962135439725,-1.07176884099785,2.10977714056699,0.625,0.966229838709677
"k__Bacteria|p__Firmicutes|c__Bacilli|o__Gemellales|f__Gemellaceae|g__unclassified","scm",0.0575613398917991,0.29087091731881,0.197893073746898,0.843128723365603,0.892019652038609,8,31,1.41758033626747,0.470328490946414,1.04453182066388,0.209322023167667,1.34381636155321,0.96875,0.982589285714286
"k__Bacteria|p__Firmicutes|c__Bacilli|o__Lactobacillales|f__Carnobacteriaceae|g__Granulicatella","scm",1.04326665662139,0.350957521855932,2.97262942564785,0.00295260696585954,0.0127051572470319,8,31,0.81316336885123,1.99361025552847,0.159524748041742,1.94721470115924,4.19922391743705,0.5,0.966229838709677
"k__Bacteria|p__Firmicutes|c__Bacilli|o__Lactobacillales|f__Enterococcaceae|g__Enterococcus","scm",0.583348801551161,0.345355675838156,1.68912469770595,0.0911955357654953,0.161872075983754,8,31,2.89097297306911,0.993915261394449,3.98650020322155,1.42033987961948,4.64853424809868,0.875,0.978346456692913
"k__Bacteria|p__Firmicutes|c__Bacilli|o__Lactobacillales|f__Enterococcaceae|g__unclassified","scm",1.06296234054449,0.500611535457129,2.12332770073677,0.0337264010085327,0.0870754353311207,8,31,1.35834251436471,0.0778658135503983,1.0948609052769,-0.0664559025562226,2.16976335749491,0.5,0.966229838709677
"k__Bacteria|p__Firmicutes|c__Bacilli|o__Lactobacillales|f__Lactobacillaceae|g__Lactobacillus","scm",0.720445846777693,0.350993063267569,2.05259283494296,0.0401120830407541,0.101712781996198,8,31,4.47867466552437,2.63552362160943,5.00592857404897,1.75243510370851,2.76001535586954,0.65625,0.966229838709677
"k__Bacteria|p__Firmicutes|c__Bacilli|o__Lactobacillales|f__Lactobacillaceae|g__Pediococcus","scm",-0.407959248481466,0.23766310229872,-1.71654432066068,0.0860624633387182,0.154694554355671,8,31,-1.63777067732691,-1.83973664726689,-1.71750443747856,-1.92907701595713,0.605918382976207,0.59375,0.966229838709677
"k__Bacteria|p__Firmicutes|c__Bacilli|o__Lactobacillales|f__Lactobacillaceae|g__unclassified","scm",-0.122947964879881,0.179691732105159,-0.684216037318454,0.493838756769183,0.574795930010033,8,31,-1.63777067732691,-1.65484000481759,-1.57656619980776,-1.9889905941852,1.04100847750228,0.84375,0.966229838709677
"k__Bacteria|p__Firmicutes|c__Bacilli|o__Lactobacillales|f__Leuconostocaceae|g__Leuconostoc","scm",-0.489457106995613,0.299336471819246,-1.63514022872285,0.102019654628864,0.172461797110699,8,31,-1.53519003425884,-1.56337707583027,-1.68036332497672,-1.63437122471878,1.27915335507282,0.6875,0.966229838709677
"k__Bacteria|p__Firmicutes|c__Bacilli|o__Lactobacillales|f__Streptococcaceae|g__Lactococcus","scm",0.0365102248306394,0.225703400498209,0.161761961716342,0.871493308610897,0.896753984222807,8,31,-0.966982531266972,-0.241481420413413,-1.19130949091587,-0.142399657948882,3.71675947535881,1,1
"k__Bacteria|p__Firmicutes|c__Bacilli|o__Lactobacillales|f__Streptococcaceae|g__Streptococcus","scm",1.19242510233823,0.409738583964113,2.91020945794714,0.0036118660865519,0.0146538566940106,8,31,5.51776534697238,4.8155039450475,6.22797095711095,4.63999679596223,2.46682136252484,0.21875,0.966229838709677
"k__Bacteria|p__Firmicutes|c__Bacilli|o__Lactobacillales|f__Streptococcaceae|g__unclassified","scm",-0.211710145618503,0.324673191072723,-0.652071533590474,0.514355026851021,0.593808242380853,8,31,-0.963495056504012,-1.31399286920427,-0.744977392113889,-1.56035671100958,1.18759035161492,0.84375,0.966229838709677
"k__Bacteria|p__Firmicutes|c__Bacilli|o__Lactobacillales|f__unclassified|g__unclassified","scm",-0.376676125440081,0.292874382798186,-1.28613544770025,0.198395794832015,0.302926912539206,8,31,0.338754300973686,-0.828216248205236,0.493011437429915,-0.920183080582202,2.09246022821392,0.71875,0.966229838709677
"k__Bacteria|p__Firmicutes|c__Bacilli|o__Turicibacterales|f__Turicibacteraceae|g__Turicibacter","scm",-1.04736687405296,1.42100106904992,-0.73706269253775,0.461084225386152,0.546028730617958,8,31,-0.956197576566538,-0.26077497761472,-1.53488594254289,0.249853094140759,5.42866312355988,0.5,0.966229838709677
"k__Bacteria|p__Firmicutes|c__Clostridia|o__Clostridiales|f__Christensenellaceae|g__unclassified","scm",0.213613312045677,0.257623982926136,0.82916702715105,0.407009900096389,0.511463768262718,8,31,-1.63777067732691,-1.31819128744738,-1.44542397277598,-1.48615711187975,2.45284758063929,0.8125,0.966229838709677
"k__Bacteria|p__Firmicutes|c__Clostridia|o__Clostridiales|f__Clostridiaceae|g__02d06","scm",-0.183554769976936,0.208468112248524,-0.880493270635615,0.378592149065653,0.493211790525896,8,31,-1.35287452697967,-0.86884658193093,-1.47851744776558,-0.425517204069477,2.01720739694555,0.96875,0.982589285714286
"k__Bacteria|p__Firmicutes|c__Clostridia|o__Clostridiales|f__Clostridiaceae|g__Clostridium","scm",2.13055776378818,0.489826418395199,4.34961791315474,1.36374939487024e-05,7.44816977198359e-05,8,31,3.33802157203516,4.12222770850881,5.54230298578114,4.43835824378945,1.96287003878715,0.3125,0.966229838709677
"k__Bacteria|p__Firmicutes|c__Clostridia|o__Clostridiales|f__Clostridiaceae|g__SMB53","scm",1.2880056494689,0.161806481853795,7.96016101896781,1.7181554046032e-15,3.04972584317069e-14,8,31,-0.433275848229374,1.98308884239973,-0.488355435475439,2.2546210176178,1.86948780731946,0.6875,0.966229838709677
"k__Bacteria|p__Firmicutes|c__Clostridia|o__Clostridiales|f__Clostridiaceae|g__Sarcina","scm",-0.328397477653076,0.243734722074183,-1.34735615368386,0.177865554865372,0.27754844825146,8,31,-1.21361290284071,0.181195117989665,-1.1099957192835,0.110073644218973,4.72066268015401,0.8125,0.966229838709677
"k__Bacteria|p__Firmicutes|c__Clostridia|o__Clostridiales|f__Clostridiaceae|g__unclassified","scm",4.13464340355966,0.561224501127741,7.3671826430446,1.74271656272195e-13,2.74961946562797e-12,8,31,2.66653505226939,5.90056408948283,5.02627786520488,5.9230020294698,2.90008801315208,0.21875,0.966229838709677
"k__Bacteria|p__Firmicutes|c__Clostridia|o__Clostridiales|f__Dehalobacteriaceae|g__Dehalobacterium","scm",-0.357994105819142,0.191198653127838,-1.87236729946933,0.0611558058481549,0.130886548605189,8,31,-1.63777067732691,-1.78977150460456,-1.71750443747856,-2.06102883510882,0.790647588632395,0.6875,0.966229838709677
"k__Bacteria|p__Firmicutes|c__Clostridia|o__Clostridiales|f__EtOH8|g__unclassified","scm",-0.432887412657992,0.238129343284878,-1.81786673866615,0.0690845031187075,0.130886548605189,8,31,-1.63777067732691,-1.86466481144341,-1.71750443747856,-2.06102883510882,0.605918382976207,0.625,0.966229838709677
"k__Bacteria|p__Firmicutes|c__Clostridia|o__Clostridiales|f__Eubacteriaceae|g__Anaerofustis","scm",-0.106646814887841,0.273336011628573,-0.39016745086908,0.696412728527635,0.778666200400978,8,31,-1.63777067732691,-1.53842421367326,-1.71750443747856,-1.92365558814105,0.88267471374175,0.8125,0.966229838709677
"k__Bacteria|p__Firmicutes|c__Clostridia|o__Clostridiales|f__Eubacteriaceae|g__Pseudoramibacter_Eubacterium","scm",-0.121602458060653,0.348045109203635,-0.349387061748669,0.726798745288968,0.800042029697934,8,31,-0.65483346842014,-1.14103804834748,-1.41568080767851,-1.8275489151848,0.437120486910123,0.875,0.978346456692913
"k__Bacteria|p__Firmicutes|c__Clostridia|o__Clostridiales|f__Lachnospiraceae|g__Anaerostipes","scm",-2.14273691073437,0.219575854393703,-9.75852703226833,1.69600529696236e-22,4.01387920281091e-21,8,31,-1.63777067732691,-1.26208017378019,-1.66844366979629,-0.862105652846547,3.58918483392324,0.53125,0.966229838709677
"k__Bacteria|p__Firmicutes|c__Clostridia|o__Clostridiales|f__Lachnospiraceae|g__Blautia","scm",1.84987251291869,0.630206804320734,2.93534201826425,0.00333180222775621,0.0139151740100406,8,31,1.43974256107366,5.08935775737234,2.07710896995583,5.24872425365155,3.58651163115914,0.625,0.966229838709677
"k__Bacteria|p__Firmicutes|c__Clostridia|o__Clostridiales|f__Lachnospiraceae|g__Coprococcus","scm",2.12057002951093,0.464442174171264,4.56584295621907,4.97491116471877e-06,3.3639875494765e-05,8,31,1.65939432289972,4.92319423864311,1.08782513095616,5.13666409948265,2.30430005715801,0.78125,0.966229838709677
"k__Bacteria|p__Firmicutes|c__Clostridia|o__Clostridiales|f__Lachnospiraceae|g__Dorea","scm",1.53219269708789,0.458688620408871,3.34037651887266,0.000836648767886081,0.00409669396689047,8,31,1.20426286985825,2.64949019230808,0.456830966936185,3.00412514878127,3.87968127544055,0.78125,0.966229838709677
"k__Bacteria|p__Firmicutes|c__Clostridia|o__Clostridiales|f__Lachnospiraceae|g__Epulopiscium","scm",0.585311714694254,0.549561038586531,1.06505314896353,0.286851878997059,0.402889776965319,8,31,0.611117023620546,1.27882203938251,1.46612142051244,1.9685488964083,1.95620860997863,0.65625,0.966229838709677
"k__Bacteria|p__Firmicutes|c__Clostridia|o__Clostridiales|f__Lachnospiraceae|g__Lachnobacterium","scm",0.590812967034138,0.610993340739414,0.966971205151183,0.333558428572118,0.455435546704238,8,31,-1.55112727975692,-0.703633768018411,-1.15231541425677,-1.27393125257996,0.652141964659306,0.5625,0.966229838709677
"k__Bacteria|p__Firmicutes|c__Clostridia|o__Clostridiales|f__Lachnospiraceae|g__Lachnospira","scm",-0.0432771200838141,0.899099537711801,-0.0481338475536913,0.961609571011754,0.961609571011754,8,31,-0.608919428369668,2.47049227626072,-0.150104318288284,4.20586992322802,2.82968847042771,1,1
"k__Bacteria|p__Firmicutes|c__Clostridia|o__Clostridiales|f__Lachnospiraceae|g__Oribacterium","scm",-0.495953953264748,0.255137781082042,-1.94386715742922,0.0519114726467621,0.127093605445521,8,31,-1.63777067732691,-1.74041950179121,-1.71750443747856,-1.82720986440759,1.70575962387586,0.5,0.966229838709677
"k__Bacteria|p__Firmicutes|c__Clostridia|o__Clostridiales|f__Lachnospiraceae|g__Roseburia","scm",1.94830975614501,0.67957379085216,2.86695835297283,0.00414437546562379,0.0150897773363738,8,31,1.40052211786427,3.54814382442253,0.653180723434779,4.5547375394106,2.70837527397471,0.75,0.966229838709677
"k__Bacteria|p__Firmicutes|c__Clostridia|o__Clostridiales|f__Lachnospiraceae|g__[Ruminococcus]","scm",1.18412229707588,0.421815946698119,2.80720135486798,0.00499739936945435,0.0173080661088419,8,31,2.08188130858718,3.34897744298874,2.41246745873013,4.15223470610992,3.41626920541871,0.65625,0.966229838709677
"k__Bacteria|p__Firmicutes|c__Clostridia|o__Clostridiales|f__Lachnospiraceae|g__unclassified","scm",3.03746007408722,0.685995746355046,4.42781181986389,9.51938960897847e-06,5.6323055186456e-05,8,31,4.96775678516176,7.19984941803372,6.77222126380148,8.07160304011753,3.09104647231661,0.34375,0.966229838709677
"k__Bacteria|p__Firmicutes|c__Clostridia|o__Clostridiales|f__Peptococcaceae|g__rc4-4","scm",-0.432887412657992,0.238129343284878,-1.81786673866615,0.0690845031187075,0.130886548605189,8,31,-1.63777067732691,-1.86466481144341,-1.71750443747856,-1.93049999897073,0.605918382976207,0.6875,0.966229838709677
"k__Bacteria|p__Firmicutes|c__Clostridia|o__Clostridiales|f__Peptococcaceae|g__unclassified","scm",-0.432887412657992,0.238129343284878,-1.81786673866615,0.0690845031187075,0.130886548605189,8,31,-1.63777067732691,-1.86466481144341,-1.71750443747856,-2.06102883510882,0.605918382976207,0.625,0.966229838709677
"k__Bacteria|p__Firmicutes|c__Clostridia|o__Clostridiales|f__Peptostreptococcaceae|g__Peptostreptococcus","scm",-0.51120977003991,0.19463377317798,-2.62652139807432,0.00862625685898354,0.0274058822980342,8,31,-1.08248525656984,-1.63305666349707,-0.747083254486521,-1.88341769436493,1.21024793976794,0.84375,0.966229838709677
"k__Bacteria|p__Firmicutes|c__Clostridia|o__Clostridiales|f__Peptostreptococcaceae|g__unclassified","scm",-0.0513002265361335,0.559552482987923,-0.0916808129635996,0.926951642215753,0.940193808533121,8,31,0.209741357533611,1.06029742484135,0.361243330638002,1.06135319498,2.56598705972597,0.96875,0.982589285714286
"k__Bacteria|p__Firmicutes|c__Clostridia|o__Clostridiales|f__Ruminococcaceae|g__Anaerotruncus","scm",-0.647826805626921,0.420179981130372,-1.54178407996528,0.123126071973758,0.204911924671158,8,31,-1.63777067732691,-0.711265610802252,-1.66902260577928,-0.704983552324011,3.74943976219137,0.59375,0.966229838709677
"k__Bacteria|p__Firmicutes|c__Clostridia|o__Clostridiales|f__Ruminococcaceae|g__Faecalibacterium","scm",2.18570728553787,1.00323541438817,2.17865842273006,0.0293570526009363,0.0801673359487107,8,31,0.690790120587535,4.46551446048842,0.0449008435814717,3.92074995796897,1.86477890696492,0.5625,0.966229838709677
"k__Bacteria|p__Firmicutes|c__Clostridia|o__Clostridiales|f__Ruminococcaceae|g__Oscillospira","scm",0.868950416982117,0.99841352566182,0.870331175057063,0.384119446800912,0.495863285870268,8,31,1.55414705915082,3.42274088895475,1.06356404451528,4.10255146247135,4.11628514890936,0.75,0.966229838709677
"k__Bacteria|p__Firmicutes|c__Clostridia|o__Clostridiales|f__Ruminococcaceae|g__Ruminococcus","scm",0.0559651118984941,0.820047310452556,0.068246198951142,0.945589651227301,0.952295960810473,8,31,2.3383436113874,3.39397618692563,1.80855129186653,4.2819198902966,1.97014235114421,0.9375,0.982589285714286
"k__Bacteria|p__Firmicutes|c__Clostridia|o__Clostridiales|f__Ruminococcaceae|g__unclassified","scm",3.84275785521697,0.707414053881178,5.43211975240519,5.5688528802892e-08,4.65163005294745e-07,8,31,3.54643194486873,6.94944456849026,3.69842673634963,6.85323207314862,3.5786829632552,0.4375,0.966229838709677
"k__Bacteria|p__Firmicutes|c__Clostridia|o__Clostridiales|f__Veillonellaceae|g__Acidaminococcus","scm",-0.21515078083454,0.36808142415719,-0.584519529414392,0.558870829942613,0.639997240740734,8,31,-1.63777067732691,-1.64692817961996,-1.71750443747856,-2.0525800737077,1.69460154209347,0.78125,0.966229838709677
"k__Bacteria|p__Firmicutes|c__Clostridia|o__Clostridiales|f__Veillonellaceae|g__Dialister","scm",0.570935209971967,0.769130795103587,0.742312248588451,0.457898172338575,0.546028730617958,8,31,1.90067772719004,0.872968235278348,2.11460446561502,0.880233128072735,2.57429118340791,0.71875,0.966229838709677
"k__Bacteria|p__Firmicutes|c__Clostridia|o__Clostridiales|f__Veillonellaceae|g__Megamonas","scm",-0.432887412657992,0.238129343284878,-1.81786673866615,0.0690845031187075,0.130886548605189,8,31,-1.63777067732691,-1.86466481144341,-1.71750443747856,-1.93112408350978,0.605918382976207,0.625,0.966229838709677
"k__Bacteria|p__Firmicutes|c__Clostridia|o__Clostridiales|f__Veillonellaceae|g__Megasphaera","scm",-0.665905790618151,0.23854005381389,-2.79158900139133,0.00524499308680488,0.0177330718649117,8,31,-0.493017254605796,-1.75642709830864,-1.71750443747856,-2.05655691781489,0.659742258209214,0.375,0.966229838709677
"k__Bacteria|p__Firmicutes|c__Clostridia|o__Clostridiales|f__Veillonellaceae|g__Phascolarctobacterium","scm",-0.297534177163851,0.255813542904065,-1.16309001386777,0.244792983317419,0.358356738464675,8,31,-0.42851569787648,-1.83000745241542,-0.824894398736782,-1.67627562631335,0.387572082933804,0.78125,0.966229838709677
"k__Bacteria|p__Firmicutes|c__Clostridia|o__Clostridiales|f__Veillonellaceae|g__Selenomonas","scm",-0.355778516563535,0.318630392036137,-1.11658688391277,0.264171002238094,0.378911942604135,8,31,-1.4115970667645,-1.58982965959897,-1.60873043600185,-1.29620710890036,1.37173939663149,0.6875,0.966229838709677
"k__Bacteria|p__Firmicutes|c__Clostridia|o__Clostridiales|f__Veillonellaceae|g__Veillonella","scm",1.67734984259767,0.889832268773573,1.88501799885219,0.0594274078265483,0.130886548605189,8,31,5.18401181629567,5.31443338454415,6.11926629148561,5.68791898371011,2.30782403607125,0.46875,0.966229838709677
"k__Bacteria|p__Firmicutes|c__Clostridia|o__Clostridiales|f__Veillonellaceae|g__unclassified","scm",-0.55066560736625,0.209840340951258,-2.62421231718338,0.00868496270008127,0.0274058822980342,8,31,-1.53657102244587,-1.73291834365578,-1.02517261500042,-1.50253364420252,1.16838549434082,0.625,0.966229838709677
"k__Bacteria|p__Firmicutes|c__Clostridia|o__Clostridiales|f__[Mogibacteriaceae]|g__Mogibacterium","scm",-0.322524603093482,0.26116634107244,-1.23493939444526,0.216853060568542,0.32758653830567,8,31,-1.63777067732691,-1.7543020018789,-1.65042578037102,-1.80573576988218,0.692561780546201,0.75,0.966229838709677
"k__Bacteria|p__Firmicutes|c__Clostridia|o__Clostridiales|f__[Mogibacteriaceae]|g__unclassified","scm",-0.808465847206674,0.185301318316037,-4.36297946800255,1.28302989027526e-05,7.28760977676349e-05,8,31,-1.63777067732691,-1.3559483354461,-1.69514485100888,-1.53370378616704,1.63592826039657,0.71875,0.966229838709677
"k__Bacteria|p__Firmicutes|c__Clostridia|o__Clostridiales|f__[Tissierellaceae]|g__1-68","scm",-0.483013538455887,0.237442040775094,-2.03423764755037,0.0419276404383564,0.104451314776256,8,31,-1.17666074556267,-1.79564250358599,-1.51960587426473,-1.84531258307802,0.585850439478355,0.46875,0.966229838709677
"k__Bacteria|p__Firmicutes|c__Clostridia|o__Clostridiales|f__[Tissierellaceae]|g__Anaerococcus","scm",-0.496548571081145,0.229854420444866,-2.16027418624411,0.0307514500772598,0.0823906775654886,8,31,0.0413995289715143,-1.53318740063591,-0.0569357365198842,-1.54941407153705,0.411701301823842,0.46875,0.966229838709677
"k__Bacteria|p__Firmicutes|c__Clostridia|o__Clostridiales|f__[Tissierellaceae]|g__Finegoldia","scm",-0.927579565685295,0.128237368550613,-7.23330162002814,4.71390850844901e-13,6.69375008199759e-12,8,31,0.848370929017137,-1.50299474393405,-0.232763112483858,-1.46695635285586,1.03528230649376,0.65625,0.966229838709677
"k__Bacteria|p__Firmicutes|c__Clostridia|o__Clostridiales|f__[Tissierellaceae]|g__Peptoniphilus","scm",-0.665329714190694,0.312606577222947,-2.12832922487165,0.0333097966626048,0.0870754353311207,8,31,0.724515834183469,-1.35202925574936,0.756907593993231,-1.42340578297856,3.08924613117022,0.59375,0.966229838709677
"k__Bacteria|p__Firmicutes|c__Clostridia|o__Clostridiales|f__[Tissierellaceae]|g__WAL_1855D","scm",-0.288075279461159,0.160043940971092,-1.79997616725267,0.0718644015049195,0.13427296070656,8,31,-1.04574639533058,-1.57277659991861,-0.980776036637052,-1.63406171105205,0.301580897048382,0.59375,0.966229838709677
"k__Bacteria|p__Firmicutes|c__Clostridia|o__Clostridiales|f__unclassified|g__unclassified","scm",2.67736987204754,0.588621886095174,4.54853945341516,5.40195169221434e-06,3.48671427406562e-05,8,31,3.16944745465429,5.20280607795024,3.85591224661595,5.89424018979466,1.82754232639626,0.46875,0.966229838709677
"k__Bacteria|p__Firmicutes|c__Clostridia|o__SHA-98|f__unclassified|g__unclassified","scm",-1.18199031037019,0.175148880031665,-6.74848911484046,1.49392605606088e-11,1.51526785686175e-10,8,31,-1.63777067732691,-1.80710018411856,-1.71750443747856,-1.95134274123453,2.8864680444003,0.78125,0.966229838709677
"k__Bacteria|p__Firmicutes|c__Clostridia|o__unclassified|f__unclassified|g__unclassified","scm",-0.757457339705721,0.163894468096281,-4.62161626627169,3.80761837878844e-06,2.84569373572609e-05,8,31,-1.46448388218693,-1.57300921300276,-1.57028833303398,-1.93656966125429,2.67758742743515,0.8125,0.966229838709677
"k__Bacteria|p__Firmicutes|c__Erysipelotrichi|o__Erysipelotrichales|f__Erysipelotrichaceae|g__Bulleidia","scm",-0.202559539590348,0.275033768992481,-0.736489705727318,0.461432730099683,0.546028730617958,8,31,-1.63777067732691,-1.54821271329432,-1.59262717782167,-1.22046731787025,0.925446672974881,0.8125,0.966229838709677
"k__Bacteria|p__Firmicutes|c__Erysipelotrichi|o__Erysipelotrichales|f__Erysipelotrichaceae|g__Coprobacillus","scm",-0.845713572722417,0.277690615136545,-3.04552450325541,0.00232274851031016,0.0103071965145014,8,31,-1.32209642312582,-0.508370244189522,-1.35443376726695,0.41308416615582,1.10239861124925,0.40625,0.966229838709677
"k__Bacteria|p__Firmicutes|c__Erysipelotrichi|o__Erysipelotrichales|f__Erysipelotrichaceae|g__Holdemania","scm",-1.64709181505328,0.164361468654664,-10.0211553750104,1.2305590219609e-23,3.49478762236896e-22,8,31,-1.34813457605827,-1.6031685561813,-1.71750443747856,-1.55183989203544,2.64652499400047,0.71875,0.966229838709677
"k__Bacteria|p__Firmicutes|c__Erysipelotrichi|o__Erysipelotrichales|f__Erysipelotrichaceae|g__[Eubacterium]","scm",1.50982486125862,0.6226700602207,2.42475904610457,0.0153185501637571,0.0443925331276228,8,31,-0.0630735332802365,2.19824838920249,0.398897877503693,2.88264771074101,4.09181413352386,0.59375,0.966229838709677
"k__Bacteria|p__Firmicutes|c__Erysipelotrichi|o__Erysipelotrichales|f__Erysipelotrichaceae|g__cc_115","scm",-0.375856110372356,0.20482769658057,-1.83498675543867,0.0665076519100083,0.130886548605189,8,31,-1.53519003425884,-1.34781142796762,-1.71750443747856,-1.84222903506928,1.77885444519011,0.90625,0.982589285714286
"k__Bacteria|p__Firmicutes|c__Erysipelotrichi|o__Erysipelotrichales|f__Erysipelotrichaceae|g__unclassified","scm",0.99719912371245,0.451102809330551,2.21058061064244,0.027064892667685,0.0753571521335544,8,31,2.36334100959916,3.76905293827027,1.43951342256682,4.99981755637702,4.52200506502482,0.59375,0.966229838709677
"k__Bacteria|p__Fusobacteria|c__Fusobacteriia|o__Fusobacteriales|f__Fusobacteriaceae|g__Fusobacterium","scm",-1.70393514483133,0.248086251228291,-6.86831751616639,6.49635034620134e-12,7.09601345508146e-11,8,31,-0.836498348302676,-0.512929271887517,-0.323753556080456,-0.111304857054787,5.34317851631412,0.625,0.966229838709677
"k__Bacteria|p__Fusobacteria|c__Fusobacteriia|o__Fusobacteriales|f__Leptotrichiaceae|g__Leptotrichia","scm",-0.258105985208103,0.277376487104189,-0.930525827559251,0.352098898008701,0.46294484738181,8,31,-1.63777067732691,-1.68988338399352,-1.71750443747856,-1.8151753802233,1.27280982306252,0.71875,0.966229838709677
"k__Bacteria|p__Lentisphaerae|c__[Lentisphaeria]|o__Victivallales|f__Victivallaceae|g__unclassified","scm",-0.432887412657992,0.238129343284878,-1.81786673866615,0.0690845031187075,0.130886548605189,8,31,-1.63777067732691,-1.86466481144341,-1.71750443747856,-2.06102883510882,0.605918382976207,0.625,0.966229838709677
"k__Bacteria|p__Proteobacteria|c__Alphaproteobacteria|o__RF32|f__unclassified|g__unclassified","scm",0.216045893011403,0.455060459377587,0.474763053038934,0.634955870227606,0.715585187081906,8,31,-0.629961621640854,-0.925863928461864,-1.07352805987392,-1.05361145621499,2.99343863538898,0.84375,0.966229838709677
"k__Bacteria|p__Proteobacteria|c__Alphaproteobacteria|o__Rhizobiales|f__Methylobacteriaceae|g__Methylobacterium","scm",-0.165120305624603,0.168017079525865,-0.982759050987936,0.325726040011076,0.449059200791969,8,31,-1.2935736676949,-1.6683783926182,-1.4240772957413,-1.90848504738871,1.00516271241662,0.84375,0.966229838709677
"k__Bacteria|p__Proteobacteria|c__Alphaproteobacteria|o__Rickettsiales|f__mitochondria|g__unclassified","scm",0.0312147915198782,0.162907016360247,0.191611093354328,0.848046852290227,0.892019652038609,8,31,-1.13283077527768,-0.566026783084971,-1.50091824683675,-0.525021857127341,0.657992958455974,0.90625,0.982589285714286
"k__Bacteria|p__Proteobacteria|c__Alphaproteobacteria|o__Sphingomonadales|f__Sphingomonadaceae|g__Sphingobium","scm",0.107633366123149,0.322877945817631,0.333356203225918,0.738865419001562,0.807068380755552,8,31,-0.875610428987433,-1.6613983464939,-1.54389524982743,-1.72342235083792,0.469590700725378,0.84375,0.966229838709677
"k__Bacteria|p__Proteobacteria|c__Betaproteobacteria|o__Burkholderiales|f__Alcaligenaceae|g__Sutterella","scm",4.21757762398637,0.946944272779472,4.45388154849591,8.43316374494377e-06,5.20656196426963e-05,8,31,3.04165054388598,4.4158749853717,2.84724718183284,4.40049552586158,5.21223143481717,0.625,0.966229838709677
"k__Bacteria|p__Proteobacteria|c__Betaproteobacteria|o__Burkholderiales|f__Comamonadaceae|g__Comamonas","scm",-0.432887412657992,0.238129343284878,-1.81786673866615,0.0690845031187075,0.130886548605189,8,31,-1.63777067732691,-1.86466481144341,-1.71750443747856,-1.97188189742227,0.605918382976207,0.625,0.966229838709677
"k__Bacteria|p__Proteobacteria|c__Betaproteobacteria|o__Burkholderiales|f__Comamonadaceae|g__Curvibacter","scm",-0.550629722034,0.319240889571658,-1.72480950912274,0.0845618074989821,0.153945854677634,8,31,-1.32715734610341,-1.71086168801614,-1.23005268306828,-1.86973037939147,0.740094716559341,0.53125,0.966229838709677
"k__Bacteria|p__Proteobacteria|c__Betaproteobacteria|o__Burkholderiales|f__Comamonadaceae|g__Limnohabitans","scm",-0.377018232446967,0.265583662948622,-1.41958367567173,0.155728920660625,0.251289849247826,8,31,-1.36642640738468,-1.80000180215093,-1.6118386497179,-1.88019976653769,0.824038897162353,0.625,0.966229838709677
"k__Bacteria|p__Proteobacteria|c__Betaproteobacteria|o__Burkholderiales|f__Comamonadaceae|g__unclassified","scm",-0.348936609249603,0.297069789398564,-1.17459473060538,0.24015689245935,0.355232070096122,8,31,-1.14695500208534,-1.56108359823422,-1.6270038776723,-1.79975363905763,0.989731180571538,0.59375,0.966229838709677
"k__Bacteria|p__Proteobacteria|c__Betaproteobacteria|o__Burkholderiales|f__Oxalobacteraceae|g__Ralstonia","scm",-0.489565510566148,0.364994992511391,-1.34129377282037,0.179825090814869,0.277556118431646,8,31,-1.20455386267059,-1.43729511792877,-1.37042801182369,-1.39249154954951,1.4745563447696,0.6875,0.966229838709677
"k__Bacteria|p__Proteobacteria|c__Betaproteobacteria|o__Burkholderiales|f__Oxalobacteraceae|g__unclassified","scm",-0.214042995064329,0.178192649477531,-1.20118868927486,0.229678015891475,0.343308192174625,8,31,-0.866611775518634,-1.46559822057894,-1.23482391228315,-1.6784466030547,0.888154097574073,0.84375,0.966229838709677
"k__Bacteria|p__Proteobacteria|c__Betaproteobacteria|o__Burkholderiales|f__unclassified|g__unclassified","scm",-0.301940773883949,0.378324421336583,-0.798100140660287,0.424812379837448,0.520028947732048,8,31,-0.540573439759084,-0.921428625369634,-0.881184734198938,-1.04134649523663,1.42514823613861,0.875,0.978346456692913
"k__Bacteria|p__Proteobacteria|c__Betaproteobacteria|o__Neisseriales|f__Neisseriaceae|g__Eikenella","scm",-0.274596497012117,0.165291937104971,-1.66128186178694,0.0966568511310773,0.167381376348939,8,31,-1.63777067732691,-1.70637389579754,-1.71750443747856,-1.81838776506851,1.27700066161244,0.71875,0.966229838709677
"k__Bacteria|p__Proteobacteria|c__Betaproteobacteria|o__Neisseriales|f__Neisseriaceae|g__Neisseria","scm",-0.0918217210008774,0.640377971523871,-0.143386757639983,0.885984740779779,0.905106713602364,8,31,-0.158920194807772,-0.150946102512267,-1.1844500601851,-0.315738718372712,2.93420533987542,0.96875,0.982589285714286
"k__Bacteria|p__Proteobacteria|c__Deltaproteobacteria|o__Desulfovibrionales|f__Desulfovibrionaceae|g__Bilophila","scm",0.754604535430975,0.941305756173691,0.801657198505152,0.422751280973804,0.520028947732048,8,31,-0.969775073295281,-0.224107666968518,-0.593120311761778,-0.829510629623188,2.45916311533923,0.34375,0.966229838709677
"k__Bacteria|p__Proteobacteria|c__Deltaproteobacteria|o__Desulfovibrionales|f__Desulfovibrionaceae|g__Desulfovibrio","scm",-0.39836158094323,0.214530480250508,-1.8568996838028,0.0633254275797658,0.130886548605189,8,31,-1.63777067732691,-1.83013897972865,-1.71750443747856,-2.02839053156935,0.778547541550016,0.59375,0.966229838709677
"k__Bacteria|p__Proteobacteria|c__Epsilonproteobacteria|o__Campylobacterales|f__Campylobacteraceae|g__Campylobacter","scm",0.812633855949779,0.30053797908466,2.70393065936224,0.00685245870324704,0.0226290496711879,8,31,0.851700591224553,0.207670806455888,0.0554631331190506,0.578638884900047,0.663512272021529,0.53125,0.966229838709677
"k__Bacteria|p__Proteobacteria|c__Gammaproteobacteria|o__Enterobacteriales|f__Enterobacteriaceae|g__Citrobacter","scm",-0.542596265254758,0.282633216861293,-1.91978944046427,0.0548845012168367,0.130029317377756,8,31,-1.09120349004962,-1.31402267786157,-0.888653280225691,-1.4411155914617,1.35262670414942,0.625,0.966229838709677
"k__Bacteria|p__Proteobacteria|c__Gammaproteobacteria|o__Enterobacteriales|f__Enterobacteriaceae|g__Enterobacter","scm",-0.926684502930105,0.248112995129434,-3.73492933107627,0.000187767906921037,0.000952251527956689,8,31,-1.09900612891702,-1.42079183006367,-0.748538168584499,-1.61248677977792,1.3100902199828,0.78125,0.966229838709677
"k__Bacteria|p__Proteobacteria|c__Gammaproteobacteria|o__Enterobacteriales|f__Enterobacteriaceae|g__Erwinia","scm",-0.765612767728803,0.270492099225283,-2.83044410510176,0.00464834324100692,0.0165016185055746,8,31,2.09740874102026,-0.260325974881938,1.0062552824491,-0.482276440368858,2.1204058726177,0.78125,0.966229838709677
"k__Bacteria|p__Proteobacteria|c__Gammaproteobacteria|o__Enterobacteriales|f__Enterobacteriaceae|g__Klebsiella","scm",-0.854309595210985,0.138193948787026,-6.18196095204997,6.33101878768473e-10,5.6187791740702e-09,8,31,-0.695364039315906,-1.26833659603433,-0.735613550860503,-1.53254601261065,1.54615552446753,0.71875,0.966229838709677
"k__Bacteria|p__Proteobacteria|c__Gammaproteobacteria|o__Enterobacteriales|f__Enterobacteriaceae|g__Morganella","scm",-0.279093582382528,0.336328930743601,-0.829823297583917,0.406638696578187,0.511463768262718,8,31,-0.88330000120453,-1.69633198075776,-1.32428315562399,-1.9864289257042,1.423062251546,0.78125,0.966229838709677
"k__Bacteria|p__Proteobacteria|c__Gammaproteobacteria|o__Enterobacteriales|f__Enterobacteriaceae|g__Proteus","scm",0.0881153818887968,0.356858863734168,0.246919415050415,0.804970590432151,0.865953210919436,8,31,-1.63777067732691,-1.34366201689662,-0.902229432537549,-1.69223847483082,0.962266087734798,0.9375,0.982589285714286
"k__Bacteria|p__Proteobacteria|c__Gammaproteobacteria|o__Enterobacteriales|f__Enterobacteriaceae|g__Salmonella","scm",-0.827232582276045,0.286166150378318,-2.89074225299682,0.0038433318866128,0.0146783608977384,8,31,0.658160261001119,-0.169591032507505,0.76608408005266,-0.726517981019474,1.92488254070876,0.84375,0.966229838709677
"k__Bacteria|p__Proteobacteria|c__Gammaproteobacteria|o__Enterobacteriales|f__Enterobacteriaceae|g__Serratia","scm",-0.844646331420322,0.170424753493367,-4.95612470669172,7.1913069163299e-07,5.67314212288248e-06,8,31,-0.355773985990246,-1.07085401574351,0.244100062922766,-0.999737598263979,0.731013762566691,0.71875,0.966229838709677
"k__Bacteria|p__Proteobacteria|c__Gammaproteobacteria|o__Enterobacteriales|f__Enterobacteriaceae|g__Trabulsiella","scm",-0.77976354190708,0.268888180629699,-2.89995469522306,0.00373216599250783,0.0146783608977384,8,31,-1.31726733777757,-1.54807597578736,-1.04646614126242,-1.82428628798681,0.540145047154572,0.78125,0.966229838709677
"k__Bacteria|p__Proteobacteria|c__Gammaproteobacteria|o__Enterobacteriales|f__Enterobacteriaceae|g__Yersinia","scm",-0.323795611718057,0.234170571781973,-1.38273400134809,0.166746442236696,0.266044885366414,8,31,-1.46448405538057,-1.73239373950275,-1.5003168989834,-1.84037978092012,0.882483878657431,0.625,0.966229838709677
"k__Bacteria|p__Proteobacteria|c__Gammaproteobacteria|o__Enterobacteriales|f__Enterobacteriaceae|g__unclassified","scm",0.713951558539202,0.870697052710932,0.819977001548701,0.41222921808487,0.513478499719751,8,31,8.09635053871236,5.91127696097351,9.10992191093878,6.05102805709018,3.62937286949888,0.46875,0.966229838709677
"k__Bacteria|p__Proteobacteria|c__Gammaproteobacteria|o__Pasteurellales|f__Pasteurellaceae|g__Actinobacillus","scm",0.935079266556145,0.372603228363579,2.50958444633688,0.0120873310783461,0.0357583544401073,8,31,-0.512672759363671,0.734842286200188,-0.621406401239678,0.666014884279212,1.46021826051383,0.6875,0.966229838709677
"k__Bacteria|p__Proteobacteria|c__Gammaproteobacteria|o__Pasteurellales|f__Pasteurellaceae|g__Aggregatibacter","scm",-0.827277374742888,0.343478352212944,-2.40852842519171,0.016016978947756,0.0454882202116271,8,31,-0.927513712880467,-0.182775824752446,-0.88797183230119,0.397758125315794,3.03943984098489,0.78125,0.966229838709677
"k__Bacteria|p__Proteobacteria|c__Gammaproteobacteria|o__Pasteurellales|f__Pasteurellaceae|g__Haemophilus","scm",1.73108837548531,0.378468051338781,4.57393528822794,4.78647729674828e-06,3.3639875494765e-05,8,31,5.17261787215556,5.36564558025913,4.92550389417318,5.46940437766959,1.65497415342977,0.65625,0.966229838709677
"k__Bacteria|p__Proteobacteria|c__Gammaproteobacteria|o__Pasteurellales|f__Pasteurellaceae|g__unclassified","scm",-0.288919782327052,0.530321324359599,-0.544801366748628,0.585890138579701,0.66557119742654,8,31,0.201026822471648,0.39675599937527,1.09060754697649,0.522612803750177,1.80659695133088,0.78125,0.966229838709677
"k__Bacteria|p__Proteobacteria|c__Gammaproteobacteria|o__Pseudomonadales|f__Moraxellaceae|g__Acinetobacter","scm",-0.666876366560131,0.0945298213494298,-7.05466652787823,1.73015137900809e-12,2.23346814381044e-11,8,31,-0.110887349757047,-1.23861479493578,-0.373866443819763,-1.05889016680856,0.957259577617745,0.59375,0.966229838709677
"k__Bacteria|p__Proteobacteria|c__Gammaproteobacteria|o__Pseudomonadales|f__Pseudomonadaceae|g__Pseudomonas","scm",-0.492509976141037,0.194082036389029,-2.53763813129939,0.0111603316151764,0.0340339580301762,8,31,2.15527981131857,0.143729926677505,0.60107306937232,0.0339893254335441,2.84351815310386,0.75,0.966229838709677
"k__Bacteria|p__Tenericutes|c__Mollicutes|o__Anaeroplasmatales|f__Anaeroplasmataceae|g__unclassified","scm",-2.85395501962685,0.188470191076666,-15.142739567054,8.46142000660568e-52,6.00760820469003e-50,8,31,-1.49824046433449,-1.86466481144341,-1.52511016104393,-1.80826983222911,5.97998906981272,0.65625,0.966229838709677
"k__Bacteria|p__Tenericutes|c__Mollicutes|o__RF39|f__unclassified|g__unclassified","scm",-1.10614827004015,0.175808648936739,-6.29177390719935,3.13858399833326e-10,2.97119285175549e-09,8,31,-1.63777067732691,-1.86466481144341,-1.69514485100888,-1.96228043525305,3.55604161544883,0.71875,0.966229838709677
"k__Bacteria|p__Tenericutes|c__RF3|o__ML615J-28|f__unclassified|g__unclassified","scm",-1.77483153302822,0.134116776611305,-13.233478897066,5.62234990835473e-40,2.66124562328791e-38,8,31,-1.63777067732691,-1.86466481144341,-1.71750443747856,-1.97655869155508,5.51656350337875,0.8125,0.966229838709677
"k__Bacteria|p__Verrucomicrobia|c__Verrucomicrobiae|o__Verrucomicrobiales|f__Verrucomicrobiaceae|g__Akkermansia","scm",1.06500266126545,0.785599386772726,1.3556561769231,0.175208588846977,0.276440217958564,8,31,-0.254357622785617,1.59170244705305,-0.203700954183955,1.00365487480012,5.10273391067436,0.625,0.966229838709677
