"dataset","rep","method","weight_sum","n_kept","error"
"A7","01","did",NA,50,""
"A7","01","pooled_ols",NA,50,""
"A7","01","event_study",NA,50,""
"A7","01","scm",1,50,""
"A7","02","did",NA,50,""
"A7","02","pooled_ols",NA,50,""
"A7","02","event_study",NA,50,""
"A7","02","scm",1,50,""
"A7","03","did",NA,50,""
"A7","03","pooled_ols",NA,50,""
"A7","03","event_study",NA,50,""
"A7","03","scm",1,50,""
"A7","04","did",NA,50,""
"A7","04","pooled_ols",NA,50,""
"A7","04","event_study",NA,50,""
"A7","04","scm",1,50,""
"A7","05","did",NA,50,""
"A7","05","pooled_ols",NA,50,""
"A7","05","event_study",NA,50,""
"A7","05","scm",1,50,""
"A7","06","did",NA,50,""
"A7","06","pooled_ols",NA,50,""
"A7","06","event_study",NA,50,""
"A7","06","scm",1,50,""
"A7","07","did",NA,50,""
"A7","07","pooled_ols",NA,50,""
"A7","07","event_study",NA,50,""
"A7","07","scm",1,50,""
"A7","08","did",NA,50,""
"A7","08","pooled_ols",NA,50,""
"A7","08","event_study",NA,50,""
"A7","08","scm",1,50,""
"A7","09","did",NA,50,""
"A7","09","pooled_ols",NA,50,""
"A7","09","event_study",NA,50,""
"A7","09","scm",1,50,""
"A7","10","did",NA,50,""
"A7","10","pooled_ols",NA,50,""
"A7","10","event_study",NA,50,""
"A7","10","scm",1,50,""
"A7","11","did",NA,50,""
"A7","11","pooled_ols",NA,50,""
"A7","11","event_study",NA,50,""
"A7","11","scm",1,50,""
"A7","12","did",NA,50,""
"A7","12","pooled_ols",NA,50,""
"A7","12","event_study",NA,50,""
"A7","12","scm",1,50,""
"A7","13","did",NA,50,""
"A7","13","pooled_ols",NA,50,""
"A7","13","event_study",NA,50,""
"A7","13","scm",1,50,""
"A7","14","did",NA,50,""
"A7","14","pooled_ols",NA,50,""
"A7","14","event_study",NA,50,""
"A7","14","scm",1,50,""
"A7","15","did",NA,50,""
"A7","15","pooled_ols",NA,50,""
"A7","15","event_study",NA,50,""
"A7","15","scm",1,50,""
"A7","16","did",NA,50,""
"A7","16","pooled_ols",NA,50,""
"A7","16","event_study",NA,50,""
"A7","16","scm",1,50,""
"A7","17","did",NA,50,""
"A7","17","pooled_ols",NA,50,""
"A7","17","event_study",NA,50,""
"A7","17","scm",1,50,""
"A7","18","did",NA,50,""
"A7","18","pooled_ols",NA,50,""
"A7","18","event_study",NA,50,""
"A7","18","scm",1,50,""
"A7","19","did",NA,50,""
"A7","19","pooled_ols",NA,50,""
"A7","19","event_study",NA,50,""
"A7","19","scm",1,50,""
"A7","20","did",NA,50,""
"A7","20","pooled_ols",NA,50,""
"A7","20","event_study",NA,50,""
"A7","20","scm",1,50,""
"A7","21","did",NA,50,""
"A7","21","pooled_ols",NA,50,""
"A7","21","event_study",NA,50,""
"A7","21","scm",1,50,""
"A7","22","did",NA,50,""
"A7","22","pooled_ols",NA,50,""
"A7","22","event_study",NA,50,""
"A7","22","scm",1,50,""
"A7","23","did",NA,50,""
"A7","23","pooled_ols",NA,50,""
"A7","23","event_study",NA,50,""
"A7","23","scm",1,50,""
"A7","24","did",NA,50,""
"A7","24","pooled_ols",NA,50,""
"A7","24","event_study",NA,50,""
"A7","24","scm",1,50,""
"A7","25","did",NA,50,""
"A7","25","pooled_ols",NA,50,""
"A7","25","event_study",NA,50,""
"A7","25","scm",1,50,""
"A7","26","did",NA,50,""
"A7","26","pooled_ols",NA,50,""
"A7","26","event_study",NA,50,""
"A7","26","scm",1,50,""
"A7","27","did",NA,50,""
"A7","27","pooled_ols",NA,50,""
"A7","27","event_study",NA,50,""
"A7","27","scm",1,50,""
"A7","28","did",NA,50,""
"A7","28","pooled_ols",NA,50,""
"A7","28","event_study",NA,50,""
"A7","28","scm",1,50,""
"A7","29","did",NA,50,""
"A7","29","pooled_ols",NA,50,""
"A7","29","event_study",NA,50,""
"A7","29","scm",1,50,""
"A7","30","did",NA,50,""
"A7","30","pooled_ols",NA,50,""
"A7","30","event_study",NA,50,""
"A7","30","scm",1,50,""
"A8","01","did",NA,50,""
"A8","01","pooled_ols",NA,50,""
"A8","01","event_study",NA,50,""
"A8","01","scm",1,50,""
"A8","02","did",NA,50,""
"A8","02","pooled_ols",NA,50,""
"A8","02","event_study",NA,50,""
"A8","02","scm",1,50,""
"A8","03","did",NA,50,""
"A8","03","pooled_ols",NA,50,""
"A8","03","event_study",NA,50,""
"A8","03","scm",1,50,""
"A8","04","did",NA,50,""
"A8","04","pooled_ols",NA,50,""
"A8","04","event_study",NA,50,""
"A8","04","scm",1,50,""
"A8","05","did",NA,50,""
"A8","05","pooled_ols",NA,50,""
"A8","05","event_study",NA,50,""
"A8","05","scm",1,50,""
"A8","06","did",NA,50,""
"A8","06","pooled_ols",NA,50,""
"A8","06","event_study",NA,50,""
"A8","06","scm",1,50,""
"A8","07","did",NA,50,""
"A8","07","pooled_ols",NA,50,""
"A8","07","event_study",NA,50,""
"A8","07","scm",1,50,""
"A8","08","did",NA,50,""
"A8","08","pooled_ols",NA,50,""
"A8","08","event_study",NA,50,""
"A8","08","scm",1,50,""
"A8","09","did",NA,50,""
"A8","09","pooled_ols",NA,50,""
"A8","09","event_study",NA,50,""
"A8","09","scm",1,50,""
"A8","10","did",NA,50,""
"A8","10","pooled_ols",NA,50,""
"A8","10","event_study",NA,50,""
"A8","10","scm",1,50,""
"A8","11","did",NA,50,""
"A8","11","pooled_ols",NA,50,""
"A8","11","event_study",NA,50,""
"A8","11","scm",1,50,""
"A8","12","did",NA,50,""
"A8","12","pooled_ols",NA,50,""
"A8","12","event_study",NA,50,""
"A8","12","scm",1,50,""
"A8","13","did",NA,50,""
"A8","13","pooled_ols",NA,50,""
"A8","13","event_study",NA,50,""
"A8","13","scm",1,50,""
"A8","14","did",NA,50,""
"A8","14","pooled_ols",NA,50,""
"A8","14","event_study",NA,50,""
"A8","14","scm",1,50,""
"A8","15","did",NA,50,""
"A8","15","pooled_ols",NA,50,""
"A8","15","event_study",NA,50,""
"A8","15","scm",1,50,""
"A8","16","did",NA,50,""
"A8","16","pooled_ols",NA,50,""
"A8","16","event_study",NA,50,""
"A8","16","scm",1,50,""
"A8","17","did",NA,50,""
"A8","17","pooled_ols",NA,50,""
"A8","17","event_study",NA,50,""
"A8","17","scm",1,50,""
"A8","18","did",NA,50,""
"A8","18","pooled_ols",NA,50,""
"A8","18","event_study",NA,50,""
"A8","18","scm",1,50,""
"A8","19","did",NA,50,""
"A8","19","pooled_ols",NA,50,""
"A8","19","event_study",NA,50,""
"A8","19","scm",1,50,""
"A8","20","did",NA,50,""
"A8","20","pooled_ols",NA,50,""
"A8","20","event_study",NA,50,""
"A8","20","scm",1,50,""
"A8","21","did",NA,50,""
"A8","21","pooled_ols",NA,50,""
"A8","21","event_study",NA,50,""
"A8","21","scm",1,50,""
"A8","22","did",NA,50,""
"A8","22","pooled_ols",NA,50,""
"A8","22","event_study",NA,50,""
"A8","22","scm",1,50,""
"A8","23","did",NA,50,""
"A8","23","pooled_ols",NA,50,""
"A8","23","event_study",NA,50,""
"A8","23","scm",1,50,""
"A8","24","did",NA,50,""
"A8","24","pooled_ols",NA,50,""
"A8","24","event_study",NA,50,""
"A8","24","scm",1,50,""
"A8","25","did",NA,50,""
"A8","25","pooled_ols",NA,50,""
"A8","25","event_study",NA,50,""
"A8","25","scm",1,50,""
"A8","26","did",NA,50,""
"A8","26","pooled_ols",NA,50,""
"A8","26","event_study",NA,50,""
"A8","26","scm",1,50,""
"A8","27","did",NA,50,""
"A8","27","pooled_ols",NA,50,""
"A8","27","event_study",NA,50,""
"A8","27","scm",1,50,""
"A8","28","did",NA,50,""
"A8","28","pooled_ols",NA,50,""
"A8","28","event_study",NA,50,""
"A8","28","scm",1,50,""
"A8","29","did",NA,50,""
"A8","29","pooled_ols",NA,50,""
"A8","29","event_study",NA,50,""
"A8","29","scm",1,50,""
"A8","30","did",NA,50,""
"A8","30","pooled_ols",NA,50,""
"A8","30","event_study",NA,50,""
"A8","30","scm",1,50,""
"A9","01","did",NA,50,""
"A9","01","pooled_ols",NA,50,""
"A9","01","event_study",NA,50,""
"A9","01","scm",1,50,""
"A9","02","did",NA,50,""
"A9","02","pooled_ols",NA,50,""
"A9","02","event_study",NA,50,""
"A9","02","scm",1,50,""
"A9","03","did",NA,50,""
"A9","03","pooled_ols",NA,50,""
"A9","03","event_study",NA,50,""
"A9","03","scm",1,50,""
"A9","04","did",NA,50,""
"A9","04","pooled_ols",NA,50,""
"A9","04","event_study",NA,50,""
"A9","04","scm",1,50,""
"A9","05","did",NA,50,""
"A9","05","pooled_ols",NA,50,""
"A9","05","event_study",NA,50,""
"A9","05","scm",1,50,""
"A9","06","did",NA,50,""
"A9","06","pooled_ols",NA,50,""
"A9","06","event_study",NA,50,""
"A9","06","scm",1,50,""
"A9","07","did",NA,50,""
"A9","07","pooled_ols",NA,50,""
"A9","07","event_study",NA,50,""
"A9","07","scm",1,50,""
"A9","08","did",NA,50,""
"A9","08","pooled_ols",NA,50,""
"A9","08","event_study",NA,50,""
"A9","08","scm",1,50,""
"A9","09","did",NA,50,""
"A9","09","pooled_ols",NA,50,""
"A9","09","event_study",NA,50,""
"A9","09","scm",1,50,""
"A9","10","did",NA,50,""
"A9","10","pooled_ols",NA,50,""
"A9","10","event_study",NA,50,""
"A9","10","scm",1,50,""
"A9","11","did",NA,50,""
"A9","11","pooled_ols",NA,50,""
"A9","11","event_study",NA,50,""
"A9","11","scm",1,50,""
"A9","12","did",NA,50,""
"A9","12","pooled_ols",NA,50,""
"A9","12","event_study",NA,50,""
"A9","12","scm",1,50,""
"A9","13","did",NA,50,""
"A9","13","pooled_ols",NA,50,""
"A9","13","event_study",NA,50,""
"A9","13","scm",1,50,""
"A9","14","did",NA,50,""
"A9","14","pooled_ols",NA,50,""
"A9","14","event_study",NA,50,""
"A9","14","scm",1,50,""
"A9","15","did",NA,50,""
"A9","15","pooled_ols",NA,50,""
"A9","15","event_study",NA,50,""
"A9","15","scm",1,50,""
"A9","16","did",NA,50,""
"A9","16","pooled_ols",NA,50,""
"A9","16","event_study",NA,50,""
"A9","16","scm",1,50,""
"A9","17","did",NA,50,""
"A9","17","pooled_ols",NA,50,""
"A9","17","event_study",NA,50,""
"A9","17","scm",1,50,""
"A9","18","did",NA,50,""
"A9","18","pooled_ols",NA,50,""
"A9","18","event_study",NA,50,""
"A9","18","scm",1,50,""
"A9","19","did",NA,50,""
"A9","19","pooled_ols",NA,50,""
"A9","19","event_study",NA,50,""
"A9","19","scm",1,50,""
"A9","20","did",NA,50,""
"A9","20","pooled_ols",NA,50,""
"A9","20","event_study",NA,50,""
"A9","20","scm",1,50,""
"A9","21","did",NA,50,""
"A9","21","pooled_ols",NA,50,""
"A9","21","event_study",NA,50,""
"A9","21","scm",1,50,""
"A9","22","did",NA,50,""
"A9","22","pooled_ols",NA,50,""
"A9","22","event_study",NA,50,""
"A9","22","scm",1,50,""
"A9","23","did",NA,50,""
"A9","23","pooled_ols",NA,50,""
"A9","23","event_study",NA,50,""
"A9","23","scm",1,50,""
"A9","24","did",NA,50,""
"A9","24","pooled_ols",NA,50,""
"A9","24","event_study",NA,50,""
"A9","24","scm",1,50,""
"A9","25","did",NA,50,""
"A9","25","pooled_ols",NA,50,""
"A9","25","event_study",NA,50,""
"A9","25","scm",1,50,""
"A9","26","did",NA,50,""
"A9","26","pooled_ols",NA,50,""
"A9","26","event_study",NA,50,""
"A9","26","scm",1,50,""
"A9","27","did",NA,50,""
"A9","27","pooled_ols",NA,50,""
"A9","27","event_study",NA,50,""
"A9","27","scm",1,50,""
"A9","28","did",NA,50,""
"A9","28","pooled_ols",NA,50,""
"A9","28","event_study",NA,50,""
"A9","28","scm",1,50,""
"A9","29","did",NA,50,""
"A9","29","pooled_ols",NA,50,""
"A9","29","event_study",NA,50,""
"A9","29","scm",1,50,""
"A9","30","did",NA,50,""
"A9","30","pooled_ols",NA,50,""
"A9","30","event_study",NA,50,""
"A9","30","scm",1,50,""
