"dataset","n_est","n_kept","sign_hit","power_fdr","signed_power_fdr","power_placebo","typeI_fdr","typeI_placebo","bias","mae","recon_null","pre_rmse","pre_snr","weight_sum","variant"
"A2",1500,50,0.516666666666667,0.183333333333333,0.0944444444444444,NA,0.148484848484848,NA,-0.429258638427444,1.19636593388239,0.443041612533733,NA,NA,1,"base"
"A2",1500,50,0.522222222222222,0.166666666666667,0.105555555555556,NA,0.196969696969697,NA,-0.359650033023776,1.16351713883216,0.433233969314193,NA,NA,1.29065952478417,"ab_nnls"
"A2",1500,50,0.561111111111111,0.0666666666666667,0.0388888888888889,NA,0.0674242424242424,NA,-0.518811638663956,1.30996531760823,0.925807126435235,NA,NA,1,"ab_no_offset"
"A2",1500,50,0.472222222222222,0.327777777777778,0.155555555555556,NA,0.293939393939394,NA,-0.471338842263096,1.2595267292474,0.563645550726799,NA,NA,1,"ab_smooth_spline"
"A2",1500,50,0.488888888888889,0.172222222222222,0.05,NA,0.184848484848485,NA,-0.440842493620226,1.29381149099559,0.494944654936314,NA,NA,1,"ab_smooth_ewma"
"A2",1500,50,0.472222222222222,0.111111111111111,0.0388888888888889,NA,0.111363636363636,NA,-0.396067524668224,1.2105328957172,0.0517790913688998,NA,NA,1,"ab_kalman_gauss"
"A2",1500,50,0.516666666666667,0.183333333333333,0.0944444444444444,NA,0.148484848484848,NA,-0.429258638427444,1.19636593388239,0.443041612533733,NA,NA,1,"ab_no_filter"
"A2",1500,50,0.494444444444444,0.211111111111111,0.1,NA,0.178787878787879,NA,-0.379375385891508,1.23379834628722,0.447097568651871,NA,NA,1,"ab_rclr_nofill"
"A2",1500,50,0.627777777777778,0.405555555555556,0.266666666666667,NA,0.403787878787879,NA,-0.38980761493245,1.19018872063262,0.0372723743983196,NA,NA,1,"ab_no_normalize"
"A2",1500,50,0.672222222222222,0.938888888888889,0.633333333333333,NA,0.916666666666667,NA,-0.399997665879898,1.19999908077627,2.26208319163523e-06,NA,NA,1,"ab_nb_hier"
"A2",1500,50,0.683333333333333,0.955555555555556,0.65,NA,0.909090909090909,NA,-0.362433757592938,1.18219635621902,0.0392336476803885,NA,NA,1,"ab_nb_nohier"
"A6",1500,50,0.516666666666667,0.233333333333333,0.122222222222222,NA,0.209848484848485,NA,-0.0205864969269249,1.16133555311424,0.310057746777996,NA,NA,1,"base"
"A6",1500,50,0.511111111111111,0.261111111111111,0.166666666666667,NA,0.227272727272727,NA,0.034457849580915,1.16161483401636,0.281589182317644,NA,NA,1.31875563809925,"ab_nnls"
"A6",1500,50,0.505555555555556,0.0277777777777778,0.0111111111111111,NA,0.0568181818181818,NA,-0.113710082070061,1.33562266485634,0.82228087273132,NA,NA,1,"ab_no_offset"
"A6",1500,50,0.505555555555556,0.327777777777778,0.183333333333333,NA,0.321969696969697,NA,0.0241492856046616,1.19185417180691,0.340939475142976,NA,NA,1,"ab_smooth_spline"
"A6",1500,50,0.488888888888889,0.227777777777778,0.127777777777778,NA,0.240909090909091,NA,0.000661724424313463,1.1807959527984,0.297631743393243,NA,NA,1,"ab_smooth_ewma"
"A6",1500,50,0.483333333333333,0.322222222222222,0.155555555555556,NA,0.274242424242424,NA,-0.0110608929417347,1.19814701034651,0.0954569902523085,NA,NA,1,"ab_kalman_gauss"
"A6",1500,50,0.516666666666667,0.233333333333333,0.122222222222222,NA,0.209848484848485,NA,-0.0205864969269249,1.16133555311424,0.310057746777996,NA,NA,1,"ab_no_filter"
"A6",1500,50,0.544444444444444,0.288888888888889,0.138888888888889,NA,0.277272727272727,NA,0.0376909976393909,1.18845236717908,0.305216507605746,NA,NA,1,"ab_rclr_nofill"
"A6",1500,50,0.522222222222222,0.438888888888889,0.227777777777778,NA,0.396969696969697,NA,0.00485848889322715,1.19958017383998,0.0206045924091781,NA,NA,1,"ab_no_normalize"
"A6",1500,50,0.5,0.983333333333333,0.5,NA,0.948484848484848,NA,5.49518971162525e-06,1.19999968634372,5.25053649178578e-06,NA,NA,1,"ab_nb_hier"
"A6",1500,50,0.494444444444444,0.938888888888889,0.466666666666667,NA,0.915151515151515,NA,0.0310223841850022,1.19754466146103,0.0317150470744081,NA,NA,1,"ab_nb_nohier"
"A1",1500,50,0.494444444444444,0.1,0.0388888888888889,NA,0.0856060606060606,NA,-0.152716083275101,0.51908675836837,0.377071011565912,NA,NA,1,"base"
"A1",1500,50,0.566666666666667,0.105555555555556,0.0555555555555556,NA,0.109848484848485,NA,-0.0597729699833635,0.461522050938728,0.348263275323417,NA,NA,1.28644263675163,"ab_nnls"
"A1",1500,50,0.472222222222222,0.0444444444444444,0.0222222222222222,NA,0.0446969696969697,NA,-0.171456446887225,0.889463285430661,0.848673958347303,NA,NA,1,"ab_no_offset"
"A1",1500,50,0.533333333333333,0.211111111111111,0.127777777777778,NA,0.224242424242424,NA,-0.176024713945109,0.551055848161741,0.472692039358182,NA,NA,1,"ab_smooth_spline"
"A1",1500,50,0.494444444444444,0.133333333333333,0.0722222222222222,NA,0.106818181818182,NA,-0.197690569536586,0.565925301759057,0.421648055241628,NA,NA,1,"ab_smooth_ewma"
"A1",1500,50,0.466666666666667,0.122222222222222,0.0444444444444444,NA,0.0916666666666667,NA,-0.143188260014452,0.404181622931144,0.0521600407092128,NA,NA,1,"ab_kalman_gauss"
"A1",1500,50,0.494444444444444,0.1,0.0388888888888889,NA,0.0856060606060606,NA,-0.152716083275101,0.51908675836837,0.377071011565912,NA,NA,1,"ab_no_filter"
"A1",1500,50,0.461111111111111,0.105555555555556,0.05,NA,0.13030303030303,NA,-0.128965005163469,0.517649966486216,0.383683741833713,NA,NA,1,"ab_rclr_nofill"
"A1",1500,50,0.616666666666667,0.411111111111111,0.25,NA,0.403030303030303,NA,-0.127227041516025,0.393500458708042,0.0350128335955242,NA,NA,1,"ab_no_normalize"
"A1",1500,50,0.672222222222222,0.933333333333333,0.627777777777778,NA,0.924242424242424,NA,-0.13333090402492,0.399998965526907,2.16189321826376e-06,NA,NA,1,"ab_nb_hier"
"A1",1500,50,0.661111111111111,0.922222222222222,0.605555555555556,NA,0.928787878787879,NA,-0.0940872401969405,0.382642953425957,0.0376129654391245,NA,NA,1,"ab_nb_nohier"
"A11",1500,50,NA,NA,NA,NA,0.09,NA,NA,NA,NA,NA,NA,1,"base"
"A11",1500,50,NA,NA,NA,NA,0.186,NA,NA,NA,NA,NA,NA,2.96539196499708,"ab_nnls"
"A11",1500,50,NA,NA,NA,NA,0.0786666666666667,NA,NA,NA,NA,NA,NA,1,"ab_no_offset"
"A11",1500,50,NA,NA,NA,NA,0.158666666666667,NA,NA,NA,NA,NA,NA,1,"ab_smooth_spline"
"A11",1500,50,NA,NA,NA,NA,0.126666666666667,NA,NA,NA,NA,NA,NA,1,"ab_smooth_ewma"
"A11",1500,50,NA,NA,NA,NA,0.118,NA,NA,NA,NA,NA,NA,1,"ab_kalman_gauss"
"A11",1500,50,NA,NA,NA,NA,0.09,NA,NA,NA,NA,NA,NA,1,"ab_no_filter"
"A11",1500,50,NA,NA,NA,NA,0.232,NA,NA,NA,NA,NA,NA,1,"ab_rclr_nofill"
"A11",1500,50,NA,NA,NA,NA,0.538666666666667,NA,NA,NA,NA,NA,NA,1,"ab_no_normalize"
"A11",1500,50,NA,NA,NA,NA,0.982,NA,NA,NA,NA,NA,NA,1,"ab_nb_hier"
"A11",1500,50,NA,NA,NA,NA,0.892,NA,NA,NA,NA,NA,NA,1,"ab_nb_nohier"
"A12",1500,50,0.494444444444444,0.105555555555556,0.05,NA,0.0856060606060606,NA,-0.808339767213531,1.17907867865465,0.307192322044328,NA,NA,1,"base"
"A12",1500,50,0.511111111111111,0.183333333333333,0.0888888888888889,NA,0.172727272727273,NA,-0.782814622998245,1.17548614817308,0.400937130189484,NA,NA,3.01189123902519,"ab_nnls"
"A12",1500,50,0.333333333333333,0.0888888888888889,0.0222222222222222,NA,0.0893939393939394,NA,-1.35303185480476,1.63399311973727,0.839196622142812,NA,NA,1,"ab_no_offset"
"A12",1500,50,0.527777777777778,0.161111111111111,0.1,NA,0.143181818181818,NA,-0.822493294959071,1.1899492750167,0.339403446945644,NA,NA,1,"ab_smooth_spline"
"A12",1500,50,0.461111111111111,0.183333333333333,0.0888888888888889,NA,0.115151515151515,NA,-0.824951918315551,1.20082569612192,0.336728463068158,NA,NA,1,"ab_smooth_ewma"
"A12",1500,50,0.555555555555556,0.0944444444444444,0.0555555555555556,NA,0.0871212121212121,NA,-0.806451256641879,1.18371641255291,0.0915179291570765,NA,NA,1,"ab_kalman_gauss"
"A12",1500,50,0.494444444444444,0.105555555555556,0.05,NA,0.0856060606060606,NA,-0.808339767213531,1.17907867865465,0.307192322044328,NA,NA,1,"ab_no_filter"
"A12",1500,50,0.561111111111111,0.233333333333333,0.161111111111111,NA,0.221212121212121,NA,-0.764035013484411,1.13311877401121,0.328106027429694,NA,NA,1,"ab_rclr_nofill"
"A12",1500,50,0.611111111111111,0.538888888888889,0.327777777777778,NA,0.536363636363636,NA,-0.791043823712739,1.1914116218654,0.038975458529974,NA,NA,1,"ab_no_normalize"
"A12",1500,50,0.833333333333333,0.994444444444444,0.827777777777778,NA,0.986363636363636,NA,-0.799992732176529,1.19999535791279,7.24774018222007e-06,NA,NA,1,"ab_nb_hier"
"A12",1500,50,0.772222222222222,0.861111111111111,0.672222222222222,NA,0.872727272727273,NA,-0.775508790646258,1.18018813354996,0.0331544471059998,NA,NA,1,"ab_nb_nohier"
