"dataset","n_est","n_kept","sign_hit","power_fdr","signed_power_fdr","power_placebo","typeI_fdr","typeI_placebo","bias","mae","recon_null","pre_rmse","pre_snr","weight_sum","method"
"A1",1500,50,0.594444444444444,0.00555555555555556,0,NA,0.00984848484848485,NA,-0.104848122497207,0.382993753153587,0.223329969273389,NA,NA,NA,"did"
"A1",1500,50,0.594444444444444,0.0944444444444444,0.0333333333333333,NA,0.071969696969697,NA,-0.104848122497207,0.382993753153587,0.223329969273389,NA,NA,NA,"pooled_ols"
"A1",1500,50,0.533333333333333,0.00555555555555556,0.00555555555555556,NA,0.000757575757575758,NA,-0.108378170936686,0.397803081297143,0.232150106573523,NA,NA,NA,"event_study"
"A1",1500,50,0.494444444444444,0.1,0.0388888888888889,0,0.0856060606060606,0,-0.152716083275101,0.51908675836837,0.377071011565912,3.62175248855974,0.869578368436396,1,"scm"
"A2",1500,50,0.511111111111111,0.105555555555556,0.0666666666666667,NA,0.103030303030303,NA,-0.385790739932117,1.19105432442145,0.311722179718665,NA,NA,NA,"did"
"A2",1500,50,0.511111111111111,0.216666666666667,0.1,NA,0.196969696969697,NA,-0.385790739932117,1.19105432442145,0.311722179718665,NA,NA,NA,"pooled_ols"
"A2",1500,50,0.494444444444444,0.0888888888888889,0.05,NA,0.0886363636363636,NA,-0.394622841844017,1.20630322093763,0.320490743551402,NA,NA,NA,"event_study"
"A2",1500,50,0.516666666666667,0.183333333333333,0.0944444444444444,0,0.148484848484848,0,-0.429258638427444,1.19636593388239,0.443041612533733,3.63929716821307,0.869558236097106,1,"scm"
"A3",1500,50,0.516666666666667,0.0444444444444444,0.0166666666666667,NA,0.0242424242424242,NA,0.26887483473481,0.409019477833134,0.168101233703386,NA,NA,NA,"did"
"A3",1500,50,0.516666666666667,0.1,0.05,NA,0.0954545454545455,NA,0.26887483473481,0.409019477833134,0.168101233703386,NA,NA,NA,"pooled_ols"
"A3",1500,50,0.461111111111111,0,0,NA,0.00151515151515152,NA,0.27917941995673,0.426192000049263,0.18420015946989,NA,NA,NA,"event_study"
"A3",1500,50,0.516666666666667,0.0944444444444444,0.05,0,0.0704545454545455,0,0.24521646253593,0.445555641471005,0.258763904478089,3.67211243984043,0.857414114111738,1,"scm"
"A4",1500,50,0.438888888888889,0.127777777777778,0.0722222222222222,NA,0.120454545454545,NA,-0.00348494299206774,1.20100289009352,0.258888003016686,NA,NA,NA,"did"
"A4",1500,50,0.438888888888889,0.205555555555556,0.127777777777778,NA,0.19469696969697,NA,-0.00348494299206775,1.20100289009352,0.258888003016686,NA,NA,NA,"pooled_ols"
"A4",1500,50,0.45,0.111111111111111,0.0666666666666667,NA,0.103030303030303,NA,-0.00184514261716098,1.18691434217511,0.272651630598225,NA,NA,NA,"event_study"
"A4",1500,50,0.466666666666667,0.166666666666667,0.0888888888888889,0,0.18030303030303,0,-0.0555677947564871,1.21629261175132,0.333518458737918,3.67127258487633,0.856730690940628,1,"scm"
"A5",1500,50,0.516666666666667,0.0888888888888889,0.0666666666666667,NA,0.0477272727272727,NA,-0.248377044673019,0.380292801156748,0.125432147595323,NA,NA,NA,"did"
"A5",1500,50,0.516666666666667,0.127777777777778,0.0944444444444444,NA,0.0871212121212121,NA,-0.248377044673019,0.380292801156748,0.125432147595323,NA,NA,NA,"pooled_ols"
"A5",1500,50,0.494444444444444,0,0,NA,0.00303030303030303,NA,-0.243815611110353,0.382277115017377,0.148733505168839,NA,NA,NA,"event_study"
"A5",1500,50,0.55,0.122222222222222,0.0777777777777778,0,0.123484848484848,0,-0.248607074704406,0.402570656949017,0.195767070624616,3.63490783615337,0.868966704457023,1,"scm"
"A6",1500,50,0.483333333333333,0.155555555555556,0.0833333333333333,NA,0.131060606060606,NA,0.0186956342125568,1.18033316321119,0.222101639130276,NA,NA,NA,"did"
"A6",1500,50,0.483333333333333,0.188888888888889,0.1,NA,0.160606060606061,NA,0.0186956342125568,1.18033316321119,0.222101639130276,NA,NA,NA,"pooled_ols"
"A6",1500,50,0.472222222222222,0.138888888888889,0.0833333333333333,NA,0.108333333333333,NA,0.0177965507672982,1.18933713295983,0.244611920429121,NA,NA,NA,"event_study"
"A6",1500,50,0.516666666666667,0.233333333333333,0.122222222222222,0,0.209848484848485,0,-0.0205864969269249,1.16133555311424,0.310057746777996,3.799427283123,0.868291849609414,1,"scm"
"A7",1500,50,0.422222222222222,0.0333333333333333,0.0222222222222222,NA,0.00984848484848485,NA,-0.155070816836961,0.453359966494023,0.174065527141386,NA,NA,NA,"did"
"A7",1500,50,0.422222222222222,0.15,0.0444444444444444,NA,0.110606060606061,NA,-0.155070816836961,0.453359966494023,0.174065527141386,NA,NA,NA,"pooled_ols"
"A7",1500,50,0.394444444444444,0.0166666666666667,0.00555555555555556,NA,0.00151515151515152,NA,-0.127765306568593,0.462911210809249,0.200823620005008,NA,NA,NA,"event_study"
"A7",1500,50,0.438888888888889,0.0777777777777778,0.0444444444444444,0,0.0613636363636364,0,-0.164883489650774,0.485049702345289,0.252576803786548,3.65002313589765,0.838860595789898,1,"scm"
"A8",1500,50,0.522222222222222,0.116666666666667,0.0555555555555556,NA,0.0681818181818182,NA,0.365185596545474,1.21051942285292,0.373683075903932,NA,NA,NA,"did"
"A8",1500,50,0.522222222222222,0.266666666666667,0.133333333333333,NA,0.195454545454545,NA,0.365185596545474,1.21051942285292,0.373683075903932,NA,NA,NA,"pooled_ols"
"A8",1500,50,0.527777777777778,0.0555555555555556,0.0277777777777778,NA,0.0189393939393939,NA,0.332512514725248,1.21291337738608,0.438093111418852,NA,NA,NA,"event_study"
"A8",1500,50,0.522222222222222,0.122222222222222,0.0555555555555556,0,0.0810606060606061,0,0.271130109313635,1.21606931900945,0.512738230746856,3.73449200024148,0.838739918436633,1,"scm"
"A9",1500,50,0.527777777777778,0.0111111111111111,0.00555555555555556,NA,0.00833333333333333,NA,0.132615849363551,0.399330198325487,0.200656455699591,NA,NA,NA,"did"
"A9",1500,50,0.527777777777778,0.0111111111111111,0,NA,0.00757575757575758,NA,0.132615849363551,0.399330198325487,0.200656455699591,NA,NA,NA,"pooled_ols"
"A9",1500,50,0.505555555555556,0,0,NA,0,NA,0.146084450282567,0.419002466626173,0.244705442678366,NA,NA,NA,"event_study"
"A9",1500,50,0.627777777777778,0.172222222222222,0.116666666666667,0,0.174242424242424,0,-0.0700463565168165,0.452977548932196,0.439982090719694,3.97471913849196,0.867561485236619,1,"scm"
"A10",1500,50,0.494444444444444,0.0333333333333333,0.0166666666666667,NA,0.0348484848484849,NA,0.35764623110944,1.18992838228523,0.28848108899259,NA,NA,NA,"did"
"A10",1500,50,0.494444444444444,0.0777777777777778,0.0388888888888889,NA,0.0848484848484849,NA,0.35764623110944,1.18992838228523,0.28848108899259,NA,NA,NA,"pooled_ols"
"A10",1500,50,0.527777777777778,0,0,NA,0.00454545454545455,NA,0.35283596380173,1.1996385825649,0.333072082127749,NA,NA,NA,"event_study"
"A10",1500,50,0.538888888888889,0.144444444444444,0.0833333333333333,0,0.165151515151515,0,0.168559310370972,1.18279418889865,0.506438973400923,3.86890492483693,0.869834710391483,1,"scm"
"A11",1500,50,NA,NA,NA,NA,0.01,NA,NA,NA,NA,NA,NA,NA,"did"
"A11",1500,50,NA,NA,NA,NA,0.092,NA,NA,NA,NA,NA,NA,NA,"pooled_ols"
"A11",1500,50,NA,NA,NA,NA,0,NA,NA,NA,NA,NA,NA,NA,"event_study"
"A11",1500,50,NA,NA,NA,NA,0.09,0,NA,NA,NA,3.91347397302704,0.840000072838995,1,"scm"
"A12",1500,50,0.527777777777778,0.0444444444444444,0.0277777777777778,NA,0.0378787878787879,NA,-0.790101722636948,1.17716697586576,0.217730314469974,NA,NA,NA,"did"
"A12",1500,50,0.527777777777778,0.272222222222222,0.161111111111111,NA,0.225757575757576,NA,-0.790101722636948,1.17716697586576,0.217730314469974,NA,NA,NA,"pooled_ols"
"A12",1500,50,0.527777777777778,0.0833333333333333,0.05,NA,0.0568181818181818,NA,-0.793983174902352,1.18413967621549,0.251356578885301,NA,NA,NA,"event_study"
"A12",1500,50,0.494444444444444,0.105555555555556,0.05,0,0.0856060606060606,0,-0.808339767213531,1.17907867865465,0.307192322044328,3.8477856094687,0.839295821528153,1,"scm"
