"dataset","n_est","n_kept","sign_hit","power_fdr","signed_power_fdr","power_placebo","typeI_fdr","typeI_placebo","bias","mae","recon_null","pre_rmse","pre_snr","weight_sum","config"
"A1",3000,50,0.494444444444444,0.1,0.0388888888888889,NA,0.0856060606060606,NA,-0.152716083275101,0.51908675836837,0.377071011565912,NA,NA,NA,"prev_0.05"
"A1",3000,50,0.494444444444444,0.1,0.0388888888888889,NA,0.0856060606060606,NA,-0.152716083275101,0.51908675836837,0.377071011565912,NA,NA,NA,"prev_0.1"
"A1",3000,50,0.494444444444444,0.1,0.0388888888888889,NA,0.0856060606060606,NA,-0.152716083275101,0.51908675836837,0.377071011565912,NA,NA,NA,"prev_0.2"
"A11",1500,50,NA,NA,NA,NA,0.09,NA,NA,NA,NA,NA,NA,NA,"prev_0.05"
"A11",1500,50,NA,NA,NA,NA,0.09,NA,NA,NA,NA,NA,NA,NA,"prev_0.1"
"A11",1500,50,NA,NA,NA,NA,0.09,NA,NA,NA,NA,NA,NA,NA,"prev_0.2"
"A2",1500,50,0.516666666666667,0.183333333333333,0.0944444444444444,NA,0.148484848484848,NA,-0.429258638427444,1.19636593388239,0.443041612533733,NA,NA,NA,"prev_0.05"
"A2",1500,50,0.516666666666667,0.183333333333333,0.0944444444444444,NA,0.148484848484848,NA,-0.429258638427444,1.19636593388239,0.443041612533733,NA,NA,NA,"prev_0.1"
"A2",1500,50,0.516666666666667,0.183333333333333,0.0944444444444444,NA,0.148484848484848,NA,-0.429258638427444,1.19636593388239,0.443041612533733,NA,NA,NA,"prev_0.2"
