"dataset","config","boot_width","boot_se","coverage"
"A1","boot_s1000_l0.95",1.30837426266672,0.333775077753217,0.733333333333333
"A2","boot_s1000_l0.95",1.46446334422487,0.373594452698206,0.266666666666667
"A1","boot_s200_l0.95",1.29941948531838,0.331490653799774,0.733333333333333
"A2","boot_s200_l0.95",1.4550667532596,0.371197319118355,0.266666666666667
"A1","boot_s500_l0.90",1.00761984736451,0.257050602794869,0.566666666666667
"A2","boot_s500_l0.90",1.13552096803344,0.289679039255386,0.266666666666667
"A1","boot_s500_l0.95",1.31254570725483,0.334839241335052,0.7
"A2","boot_s500_l0.95",1.4578122324728,0.371897709338498,0.266666666666667
"A1","boot_s500_l0.99",1.89090072427649,0.48238149761722,0.9
"A2","boot_s500_l0.99",2.03741514570253,0.519758312339767,0.433333333333333
