"dataset","base_seed","N","n_treated","n_donor","D","T","t0","pre","post","n_rep","time","treatment","effect_size","n_effect_taxa","effect_taxa","effect_signs","baseline_sd","trend_sd","innov_sd","ref_dt","rho","phi_range","base_depth","depth_cv","structural_zero","trend_diff","effect_hetero","twin_trend","relab_true_md5","Y_md5","rep_seeds"
"A1",20260918,40,10,30,50,5,4,3,2,30,"0;7;14;42;70","first 10 subjects treated, rest donor",0.4,6,"1;4;8;31;41;42","1;-1;-1;1;1;1",1.5,0.25,0.4,7,0.4,"0.3:3.5",12000,0.3,0.15,0,0,FALSE,"6657a3ea89d3c64afa16c0788b4ccd55","057ee986dc00775055243fb989f18e34","20360919;20360920;20360921;20360922;20360923;20360924;20360925;20360926;20360927;20360928;20360929;20360930;20360931;20360932;20360933;20360934;20360935;20360936;20360937;20360938;20360939;20360940;20360941;20360942;20360943;20360944;20360945;20360946;20360947;20360948"
"A2",20260918,40,10,30,50,5,4,3,2,30,"0;7;14;42;70","first 10 subjects treated, rest donor",1.2,6,"16;28;31;34;41;45","1;1;1;1;-1;-1",1.5,0.25,0.4,7,0.4,"0.3:3.5",12000,0.3,0.15,0,0,FALSE,"8c179047daaeecc30f332855143dcab1","358e86a20e94a359c28dff19f999c5d0","20460919;20460920;20460921;20460922;20460923;20460924;20460925;20460926;20460927;20460928;20460929;20460930;20460931;20460932;20460933;20460934;20460935;20460936;20460937;20460938;20460939;20460940;20460941;20460942;20460943;20460944;20460945;20460946;20460947;20460948"
"A3",20260918,40,10,30,50,7,5,4,3,30,"0;3;7;14;21;42;70","first 10 subjects treated, rest donor",0.4,6,"8;9;18;29;37;50","1;-1;-1;-1;-1;-1",1.5,0.25,0.4,7,0.4,"0.3:3.5",12000,0.3,0.15,0,0,FALSE,"d0e01e19e0a28464f4e5ff7c0a36aa0e","5bdb41d2d0befc2feec72c90ea544764","20560919;20560920;20560921;20560922;20560923;20560924;20560925;20560926;20560927;20560928;20560929;20560930;20560931;20560932;20560933;20560934;20560935;20560936;20560937;20560938;20560939;20560940;20560941;20560942;20560943;20560944;20560945;20560946;20560947;20560948"
"A4",20260918,40,10,30,50,7,5,4,3,30,"0;3;7;14;21;42;70","first 10 subjects treated, rest donor",1.2,6,"5;14;15;24;25;31","-1;1;1;-1;1;-1",1.5,0.25,0.4,7,0.4,"0.3:3.5",12000,0.3,0.15,0,0,FALSE,"1155b127df9ea06068ee6ba68eb2fa0c","b78d1c1e098b122a173464b0162b89ec","20660919;20660920;20660921;20660922;20660923;20660924;20660925;20660926;20660927;20660928;20660929;20660930;20660931;20660932;20660933;20660934;20660935;20660936;20660937;20660938;20660939;20660940;20660941;20660942;20660943;20660944;20660945;20660946;20660947;20660948"
"A5",20260918,40,10,30,50,9,4,3,6,30,"0;3;7;14;21;28;42;56;70","first 10 subjects treated, rest donor",0.4,6,"3;18;27;39;40;47","1;-1;1;1;1;1",1.5,0.25,0.4,7,0.4,"0.3:3.5",12000,0.3,0.15,0,0,FALSE,"00a7dc6b80b3bafe12ce123ae74200e2","21458a519fecabdc1be7bf7ce3c7ff9e","20760919;20760920;20760921;20760922;20760923;20760924;20760925;20760926;20760927;20760928;20760929;20760930;20760931;20760932;20760933;20760934;20760935;20760936;20760937;20760938;20760939;20760940;20760941;20760942;20760943;20760944;20760945;20760946;20760947;20760948"
"A6",20260918,40,10,30,50,9,4,3,6,30,"0;2;9;17;26;38;51;66;83","first 10 subjects treated, rest donor",1.2,6,"6;14;21;26;28;29","-1;-1;1;1;-1;1",1.5,0.25,0.4,7,0.4,"0.3:3.5",12000,0.3,0.15,0,0,FALSE,"3b566f15d9e0370f8e4616db46678382","146b93b886683153dbd5c24a4b11b17b","20860919;20860920;20860921;20860922;20860923;20860924;20860925;20860926;20860927;20860928;20860929;20860930;20860931;20860932;20860933;20860934;20860935;20860936;20860937;20860938;20860939;20860940;20860941;20860942;20860943;20860944;20860945;20860946;20860947;20860948"
"A7",20260918,40,10,30,50,9,7,6,3,30,"0;5;13;22;32;47;63;80;98","first 10 subjects treated, rest donor",0.4,6,"2;19;30;42;43;48","1;-1;1;1;1;-1",1.5,0.25,0.4,7,0.4,"0.3:3.5",12000,0.3,0.15,0,0,FALSE,"16aa642f4073a4a8a0eb37f0bacc5454","6ce4388c2d737a5b1774cabb3ee9d649","20960919;20960920;20960921;20960922;20960923;20960924;20960925;20960926;20960927;20960928;20960929;20960930;20960931;20960932;20960933;20960934;20960935;20960936;20960937;20960938;20960939;20960940;20960941;20960942;20960943;20960944;20960945;20960946;20960947;20960948"
"A8",20260918,40,10,30,50,9,7,6,3,30,"0;3;12;20;27;40;55;71;89","first 10 subjects treated, rest donor",1.2,6,"9;11;15;22;27;30","1;-1;1;-1;-1;-1",1.5,0.25,0.8,7,0.4,"0.3:3.5",12000,0.3,0.15,0,0,FALSE,"b388e23219c51c3aa5bd66a94dc2bb38","c11d97dc41aea53ccced73cf9323d609","21060919;21060920;21060921;21060922;21060923;21060924;21060925;21060926;21060927;21060928;21060929;21060930;21060931;21060932;21060933;21060934;21060935;21060936;21060937;21060938;21060939;21060940;21060941;21060942;21060943;21060944;21060945;21060946;21060947;21060948"
"A9",20260918,40,10,30,50,9,4,3,6,30,"0;2;9;17;26;38;51;66;83","first 10 subjects treated, rest donor",0.4,6,"3;24;30;36;43;47","-1;-1;-1;-1;1;1",1.5,0.25,0.8,7,0.4,"0.3:3.5",4000,0.3,0.4,0,0,FALSE,"32ecc77a42a2af361b058c447107fcbb","fd966dea01d137b8a380ccc5a3f78abd","21160919;21160920;21160921;21160922;21160923;21160924;21160925;21160926;21160927;21160928;21160929;21160930;21160931;21160932;21160933;21160934;21160935;21160936;21160937;21160938;21160939;21160940;21160941;21160942;21160943;21160944;21160945;21160946;21160947;21160948"
"A10",20260918,40,10,30,50,9,4,3,6,30,"0;5;13;22;32;47;63;80;98","first 10 subjects treated, rest donor",1.2,6,"7;12;13;24;31;37","1;-1;-1;-1;1;-1",1.5,0.6,0.8,7,0.4,"0.3:3.5",4000,0.3,0.4,0,0,FALSE,"e24c4576e1cfb1e55ea42db588d2206f","7ede7b4b0818698a21c468e44dcb4fc1","21260919;21260920;21260921;21260922;21260923;21260924;21260925;21260926;21260927;21260928;21260929;21260930;21260931;21260932;21260933;21260934;21260935;21260936;21260937;21260938;21260939;21260940;21260941;21260942;21260943;21260944;21260945;21260946;21260947;21260948"
"A11",20260918,40,10,30,50,9,7,6,3,30,"0;3;12;20;27;40;55;71;89","first 10 subjects treated, rest donor",0,0,"","",1.5,0.6,0.8,7,0.4,"0.3:3.5",4000,0.3,0.4,0,0,FALSE,"62c806c3042e11a35f5839805c96b9e1","a8f71226f33a2670d42a16d1993723bd","21360919;21360920;21360921;21360922;21360923;21360924;21360925;21360926;21360927;21360928;21360929;21360930;21360931;21360932;21360933;21360934;21360935;21360936;21360937;21360938;21360939;21360940;21360941;21360942;21360943;21360944;21360945;21360946;21360947;21360948"
"A12",20260918,40,10,30,50,9,7,6,3,30,"0;5;13;22;32;47;63;80;98","first 10 subjects treated, rest donor",1.2,6,"20;23;26;39;44;49","1;1;-1;1;1;1",1.5,0.25,0.4,7,0.4,"0.3:3.5",4000,0.3,0.4,0.5,0.6,FALSE,"d687cbd80034f6e5e632a92517a2d1f6","a48adba78b60f439b8963a42ca2123b7","21460919;21460920;21460921;21460922;21460923;21460924;21460925;21460926;21460927;21460928;21460929;21460930;21460931;21460932;21460933;21460934;21460935;21460936;21460937;21460938;21460939;21460940;21460941;21460942;21460943;21460944;21460945;21460946;21460947;21460948"
